case_id,[Candida] glabrata,Aspergillus fumigatus,Aspergillus oryzae,Bacillus cereus,Bacillus thuringiensis,Botrytis cinerea,Buchnera aphidicola,Burkholderia pseudomallei,Candida albicans,Candida dubliniensis,Candida orthopsilosis,Candidatus Carsonella ruddii,Clostridioides difficile,Clostridium botulinum,Colletotrichum higginsianum,Cryptococcus gattii VGI,Cryptococcus neoformans,Cutibacterium acnes,Enterobacter cloacae,Escherichia coli,Flavobacteriaceae bacterium MAR_2010_188,Fusarium fujikuroi,Fusarium graminearum,Fusarium oxysporum,Fusarium pseudograminearum,Fusarium vene0tum,Fusarium verticillioides,Halomo0s sp. JS92-SW72,Helicobacter pylori,Hydrogenophaga sp. NH-16,Kazachstania africa0,Kazachstania 0ganishii,Klebsiella pneumoniae,Kluyveromyces lactis,Kluyveromyces marxianus,Malassezia restricta,Mycoplasma flocculare,Mycoplasma hyopneumoniae,0umovozyma castellii,0umovozyma dairenensis,Neisseria gonorrhoeae,Neurospora crassa,Ogataea parapolymorpha,Paracoccus mutanolyticus,Pasteurella multocida,Pichia kudriavzevii,Pochonia chlamydosporia,Pseudomo0s putida,Pyricularia oryzae,Ralstonia sola0cearum,Saccharomyces cerevisiae,Saccharomyces eubayanus,Schizosaccharomyces pombe,Staphylococcus aureus,Staphylococcus cohnii,Staphylococcus haemolyticus,Sugiyamaella lignohabitans,Tetrapisispora blattae,Tetrapisispora phaffii,Thermothelomyces thermophilus,Thielavia terrestris,Ustilago maydis,Yarrowia lipolytica,Zygosaccharomyces rouxii,Zymoseptoria tritici,Human.endogenous.retrovirus.K,Shamonda.orthobunyavirus,BeAn.58058.virus,Proteus.phage.VB_PmiS.Isfahan,Garlic.virus.C,Simbu.orthobunyavirus,Diolcogaster.facetosa.bracovirus,Escherichia.virus.T4,Tunisvirus,Human.mastadenovirus.C,Choristoneura.fumiferana.granulovirus,Burkholderia.virus.Bcep22
TCGA-4N-A93T,0.00034,0.00147,0.00592,0.00656,0.00546,0.00348,0.00041,0.15204,0.00266,0.01969,0.00023,0.00039,0.00142,0.01103,0.00886,0.0023,0.00094,0.00122,0.02209,0.00798,0.0003,0.00062,0.00101,0.00389,0.00046,0.00573,0.00179,0.00193,0.00033,0.0088,0.00062,0.00028,0.44778,0.00039,0.00486,0.00077,0.00058,0.00061,0.00026,0.00077,0.00207,0.00869,0.00028,0.01092,0.09144,0.00315,0.00173,0.00284,0.01927,0.00125,0.00412,0.0009,0.00136,0.03734,0.0002,0.03464,0.00067,0.00263,0.00024,0.01298,0.0038,0.00131,0.00444,0.00223,0.00036,0.39962,0.08896,0.22519,0.2817,0.00454,0,0,0,0,0,0,0
TCGA-4T-AA8H,0,0.002,0.00474,0.00683,0.02864,0.0032,0.00034,0.15158,0.00173,0.01616,0.00032,0.00029,0.00131,0.0023,0.00654,0.00196,0.00073,0,0.01868,0.00098,0.00105,0.00073,0.00103,0.00368,0.00041,0.00468,0.00133,0.00073,0.00038,0.00122,0.00044,0.00032,0.51942,0,0.00493,0.00069,0.00068,0.00058,0.00159,0.00073,0.00313,0.00756,0,0.00858,0.0672,0.00221,0.00139,0.00247,0.01784,0.00069,0.00169,0.0008,0.00107,0.0304,0.00064,0.02703,0.00038,0.00242,0,0.01083,0.00332,0.00075,0.004,0.00105,0,0.3608,0,0.26483,0.36215,0.01222,0,0,0,0,0,0,0
TCGA-5M-AAT6,0.00029,0.00172,0.00338,0.00632,0.003,0.00252,0.00024,0.15476,0.0009,0.00917,0,0.00027,0.00103,0.00142,0.00458,0.00095,0.0006,0.00058,0.0169,0.00056,0.00066,0.00055,0.00043,0.00219,0.00034,0.00253,0.00103,0.00028,0,0.001,0.00029,0.00034,0.58375,0,0.00162,0.00067,0.00053,0,0.00127,0.00059,0.00206,0.00512,0.00032,0.00721,0.06847,0.00218,0.00125,0.00253,0.00959,0.00092,0.00296,0.00048,0.00073,0.03112,0.00054,0.02057,0.00034,0.00135,0,0.00647,0.00223,0.00077,0.00358,0.00075,0.00036,0.47034,0,0.21674,0.3017,0.01122,0,0,0,0,0,0,0
TCGA-5M-AATA,0.0003,0.00182,0.00471,0.00616,0.00381,0.00364,0.00028,0.17328,0.00178,0.01668,0.00025,0.00026,0.00188,0.00679,0.00746,0.00463,0.00069,0.00067,0.01883,0.00517,0.00022,0.00072,0.00091,0.00357,0.00045,0.00506,0.00151,0.00024,0.00051,0.00065,0.00036,0.00032,0.50843,0.00045,0.00406,0.00032,0.00081,0.00059,0.00107,0.0006,0.00241,0.00878,0.00027,0.00833,0.06348,0.00223,0.00168,0.00218,0.01925,0.00092,0.00142,0.0006,0.0013,0.03214,0.00016,0.02581,0.00046,0.00209,0.00018,0.0098,0.00628,0.0008,0.00467,0.00112,0.00029,0.142,0,0.09286,0.7595,0.00387,0,0,0,0.00178,0,0,0
TCGA-5M-AATE,0.00038,0.00179,0.00443,0.00799,0.00808,0.00292,0.00036,0.15959,0.00225,0.01593,0.00029,0.00037,0.00138,0.00288,0.00661,0.00234,0.00088,0,0.0214,0.0005,0.00093,0.00076,0.00086,0.00386,0.00051,0.0044,0.00139,0.00063,0.00048,0.00154,0.00035,0.00034,0.51113,0.00059,0.00365,0.00066,0.00066,0.0005,0,0.00091,0.00265,0.00922,0.00033,0.00794,0.07068,0.00239,0.0017,0.00279,0.01833,0.00149,0.0036,0.00073,0.00107,0.03498,0.0003,0.02726,0.00056,0.00187,0.00032,0.0101,0.00374,0.00134,0.00471,0.00125,0.00036,0.28447,0,0.25146,0.45243,0.01165,0,0,0,0,0,0,0
TCGA-A6-2671,0,0,0,0.02102,0,0,0,0.20509,0,0,0,0,0,0.12721,0,0,0,0.03048,0.00354,0.01306,0,0,0,0,0,0,0,0.15393,0,0.16106,0,0,0.1436,0,0,0.00783,0,0,0,0,0.00088,0,0,0.00433,0.02577,0.00263,0,0.00485,0,0.00129,0,0,0,0.01486,0,0.0033,0,0,0,0,0,0,0,0,0.00262,1,0,0,0,0,0,0,0,0,0,0,0
TCGA-A6-2672,0,0,0,0.00109,0,0,0,0.08481,0,0,0,0,0,0.05706,0,0,0,0.00286,0.00189,0.06755,0,0,0,0,0,0,0,0.08886,0,0.04622,0,0,0.09719,0,0,0,0,0,0,0,0.00115,0,0,0.00086,0.01088,0,0,0,0,0,0,0,0,0.00731,0,0.00143,0,0,0,0,0,0,0,0,0,0.79197,0.20803,0,0,0,0,0,0,0,0,0,0
TCGA-A6-2675,0.00036,0.00224,0.00668,0.00903,0.00361,0.00397,0.00064,0.17847,0.00238,0.02329,0.00037,0.00044,0.00198,0.00357,0.00913,0.00333,0.00125,0.00213,0.01411,0.00143,0.0006,0.00122,0.00164,0.00517,0.00058,0.00637,0.00232,0.00069,0.00059,0.00211,0.00132,0.0006,0.42811,0.00057,0.00547,0.00109,0.00065,0.00083,0.00039,0.00084,0.00172,0.01149,0.00035,0.00681,0.05436,0.00396,0.00216,0.00241,0.02394,0.00115,0.05271,0.00106,0.00138,0.02957,0.0006,0.02218,0.00106,0.00291,0.00028,0.01497,0.0054,0.00174,0.01106,0.00179,0.00048,0.2663,0.01238,0.1868,0.51747,0.00798,0,0,0,0.00908,0,0,0
TCGA-A6-2676,0,0,0,0.00381,0,0,0,0.11254,0,0,0,0,0,0.00857,0,0,0,0.02375,0.00409,0.22559,0,0,0,0,0,0,0,0.06544,0,0.07578,0,0,0.31654,0,0,0.01027,0,0,0,0,0,0,0,0.00534,0.03553,0,0,0,0,0,0,0,0,0.01513,0,0.00437,0,0,0,0,0,0,0,0.01066,0,0.309,0.691,0,0,0,0,0,0,0,0,0,0
TCGA-A6-2678,0,0,0,0.00139,0,0,0,0.00928,0,0,0,0,0,0,0,0,0,0.01427,0.00366,0.32599,0,0,0,0,0,0,0,0.00205,0,0.06038,0,0,0.28873,0,0,0.16709,0,0,0,0,0.00492,0,0,0.00217,0.02272,0,0,0,0,0,0,0,0,0.01017,0,0.0032,0,0,0,0,0,0,0,0,0,1,0,0,0,0,0,0,0,0,0,0,0
TCGA-A6-2681,0,0,0,0.00074,0,0,0,0.02181,0,0,0,0,0,0.00239,0,0,0,0.04395,0.00222,0.35525,0,0,0,0,0,0,0,0.01774,0,0.00276,0.00094,0,0.32751,0,0,0.00818,0,0,0,0,0.00101,0,0,0.00179,0.01655,0,0,0.00328,0,0.00073,0,0,0,0.00744,0,0.0007,0,0,0,0,0,0,0,0.00215,0,1,0,0,0,0,0,0,0,0,0,0,0
TCGA-A6-2683,0,0,0.00196,0.00181,0,0.00378,0,0.07113,0,0,0,0,0,0.0052,0.00241,0,0,0.02068,0.00286,0.15706,0,0,0.00268,0,0,0,0,0.00133,0,0.00245,0,0,0.13584,0,0,0.00489,0,0,0,0,0,0.00117,0,0.00378,0.01037,0.00159,0,0.01004,0,0,0,0,0.00054,0.01079,0,0.00155,0,0,0,0,0,0,0,0,0.01077,0.91946,0,0.08054,0,0,0,0,0,0,0,0,0
TCGA-A6-2686,0,0.00254,0.00562,0.00607,0.00173,0.00339,0.00026,0.12096,0.00157,0.00964,0,0.00033,0.00078,0.14694,0.00595,0.00246,0.00126,0,0.02383,0.0003,0.00026,0.00102,0.00082,0.0025,0.00042,0.00392,0.00183,0.08373,0,0.04712,0,0.00074,0.26408,0.00027,0.00266,0.00139,0,0.00042,0.00097,0.00083,0.00372,0.00593,0.00123,0.01039,0.07734,0.00143,0.00156,0.00284,0.0089,0.00117,0.00673,0.00061,0.00078,0.03972,0,0.02846,0.00109,0.00178,0.00029,0.00675,0.00387,0.00177,0.00319,0.02183,0.00038,0.15655,0.53531,0.13462,0.15355,0.00856,0,0.01142,0,0,0,0,0
TCGA-A6-3808,0,0,0.00203,0,0,0.00312,0,0,0,0,0,0,0,0.00581,0,0,0,0.01471,0.00241,0.59398,0,0,0,0,0,0,0,0.06796,0,0.01194,0,0,0.2266,0,0,0.00387,0,0,0,0,0.00242,0,0,0.0016,0.01639,0,0,0,0,0,0,0,0,0.00633,0,0.00163,0,0,0,0,0,0,0,0,0.00404,0.78775,0.21225,0,0,0,0,0,0,0,0,0,0
TCGA-A6-3809,0.00005,0.00033,0.02128,0.00111,0.00005,0.00276,0.00041,0.05509,0.00035,0.00256,0.00022,0.00016,0.00899,0.00937,0.00098,0.00523,0.00056,0.00011,0.00197,0.00039,0,0.00087,0.0001,0.00202,0.00003,0.00153,0.00038,0.0015,0.00006,0.0582,0.00016,0.00005,0.08198,0.00005,0.00077,0.00118,0.00005,0.0002,0.00006,0.00257,0.00068,0.01664,0.00005,0.00075,0.0054,0.00608,0.00025,0.00032,0.00216,0.00128,0.00042,0.00045,0.00043,0.00345,0.00031,0.002,0.00006,0.00693,0.00008,0.00646,0.00056,0.00029,0.0004,0.00058,0.0003,0.07575,0.0651,0.05748,0.78241,0,0,0.01394,0,0,0,0.00302,0
TCGA-A6-5657,0.00041,0.00276,0.00719,0.00601,0.0027,0.00601,0.0004,0.15866,0.00253,0.02282,0.00047,0.00044,0.00172,0.04634,0.01258,0.00616,0.00182,0,0.02304,0.00061,0.00031,0.00083,0.00163,0.00557,0.00067,0.00999,0.00229,0.01788,0.00048,0.04479,0.0008,0.00088,0.28368,0.00062,0.00673,0.00251,0.00049,0.00084,0.00042,0.0013,0.00374,0.01213,0.00113,0.01104,0.09057,0.00365,0.00193,0.00267,0.01729,0.00138,0.00492,0.00106,0.00191,0.04015,0.00022,0.03824,0.00138,0.00331,0.0005,0.01916,0.00656,0.00251,0.00834,0.00322,0.00074,0.39882,0.03147,0.25249,0.29624,0.01126,0,0.00972,0,0,0,0,0
TCGA-A6-5659,0.00046,0.00236,0.00519,0.00753,0.00234,0.00442,0.00089,0.1979,0.0031,0.02622,0.00031,0.00071,0.00159,0.0114,0.01133,0.00435,0.00133,0,0.01582,0.00156,0.00037,0.0012,0.00139,0.00517,0.00075,0.00804,0.00232,0.01756,0.0006,0.01774,0.00077,0.00061,0.36422,0.00042,0.00791,0.00121,0.00051,0.00102,0.00036,0.00166,0.00448,0.01618,0.00052,0.01849,0.07276,0.00393,0.00201,0.00213,0.02076,0.00121,0.00491,0.00118,0.00202,0.02568,0.00061,0.02714,0.00113,0.00436,0.00031,0.01919,0.00575,0.00262,0.00766,0.00312,0.0005,0.33673,0,0.17841,0.47564,0.00922,0,0,0,0,0,0,0
TCGA-A6-6138,0.0005,0.00296,0.00542,0.00836,0.00363,0.00687,0.00048,0.18457,0.0034,0.02975,0.00041,0.00043,0.00187,0.00955,0.01194,0.00557,0.00173,0,0.01798,0.00104,0.00043,0.00121,0.00234,0.0068,0.00089,0.01109,0.00315,0.01058,0.0006,0.00735,0.00098,0.00079,0.35586,0.00075,0.0082,0.00235,0.00077,0.00117,0.00292,0.00274,0.00177,0.01769,0.00102,0.009,0.07498,0.00425,0.00291,0.00277,0.02722,0.00124,0.00236,0.00156,0.00218,0.03516,0.00024,0.03195,0.00149,0.00383,0.0003,0.02236,0.00755,0.00186,0.00902,0.00263,0.00075,0.39225,0.02525,0.31824,0.24771,0.01654,0,0,0,0,0,0,0
TCGA-A6-6142,0.00034,0.00225,0.00462,0.00708,0.00387,0.00339,0.00044,0.16633,0.00178,0.02164,0.00031,0.00035,0.00194,0.03408,0.01055,0.00472,0.00103,0.00032,0.0112,0.00136,0,0.00083,0.00133,0.00485,0.00069,0.00727,0.00271,0.03855,0.00037,0.04526,0.0007,0.00056,0.39516,0.00046,0.00535,0.00126,0.00064,0.00082,0.00086,0.00101,0.00135,0.01275,0.00052,0.00611,0.0472,0.00424,0.00229,0.00197,0.01953,0.00061,0.00489,0.00091,0.00144,0.02404,0.00023,0.02197,0.00077,0.00276,0.00022,0.01714,0.00565,0.00164,0.00714,0.01367,0.00043,0.33233,0.05627,0.20884,0.38784,0.01473,0,0,0,0,0,0,0
TCGA-A6-6780,0.0005,0.00305,0.00632,0.00913,0.00239,0.0032,0.00045,0.17361,0.00214,0.01699,0.00037,0.00036,0.00128,0.00604,0.0087,0.00292,0.00127,0,0.01874,0.00093,0.00077,0.00126,0.00111,0.00473,0.00068,0.00714,0.0024,0.00215,0.00049,0.00345,0.00067,0.00076,0.4326,0.0006,0.00365,0.00159,0.0005,0.00048,0.00048,0.00129,0.00105,0.01284,0.00067,0.00925,0.08373,0.00307,0.00273,0.00369,0.02087,0.00109,0.00669,0.00131,0.00143,0.04222,0.00032,0.02977,0.00109,0.00281,0.00036,0.01238,0.00528,0.00206,0.00638,0.00192,0.00067,0.13972,0.00518,0.0951,0.7502,0.00608,0,0,0,0.00372,0,0,0
TCGA-A6-A565,0.00051,0.00233,0.0053,0.00692,0.00446,0.0063,0.00042,0.16916,0.00276,0.02827,0.00046,0.00054,0.00143,0.00235,0.01597,0.00279,0.00154,0.00906,0.02183,0.00065,0.00073,0.00104,0.00145,0.00538,0.00102,0.00794,0.00216,0.00129,0.00056,0.00296,0.0008,0.00044,0.40206,0.00053,0.00638,0.00129,0.00074,0.00094,0.00023,0.00123,0.00369,0.01534,0.00027,0.01066,0.0739,0.00544,0.00245,0.00368,0.02265,0.00098,0.00225,0.00119,0.00171,0.03951,0.00026,0.03834,0.00064,0.0037,0.00059,0.01905,0.00539,0.00164,0.00756,0.00258,0.0007,0.38528,0,0.32984,0.27177,0.00625,0,0.00685,0,0,0,0,0
TCGA-A6-A5ZU,0,0.00244,0.00765,0.00678,0.03962,0.00639,0.00056,0.14932,0.00388,0.03427,0,0.0007,0.00197,0.00388,0.02058,0.00307,0.00189,0.00375,0.02638,0,0.00137,0.00104,0.00169,0.00649,0,0.00798,0.00336,0,0.00059,0.00188,0,0.0007,0.36563,0.00091,0.00731,0.00193,0.00068,0.00091,0,0.00135,0.00861,0.01508,0,0.01199,0.07565,0.00419,0.00329,0.00304,0.02594,0.00096,0.00317,0.00166,0.00229,0.0384,0,0.03321,0.00105,0.00374,0,0.02144,0.00805,0.00178,0.00988,0.00292,0.00089,0.48865,0,0.23498,0.27637,0,0,0,0,0,0,0,0
TCGA-AA-3488,0,0.00086,0,0.0462,0,0.00047,0,0.12419,0,0,0,0,0,0.20384,0.00381,0,0.00201,0.00527,0.00078,0.00728,0,0,0,0.00114,0,0,0,0.15244,0,0.20686,0,0,0.0369,0,0,0.04991,0,0,0,0,0,0,0,0.00066,0.00523,0,0,0.00221,0,0.00031,0,0,0.00096,0.00817,0.00125,0.00071,0,0,0,0,0,0.0042,0,0.05717,0.00037,0.03006,0.79363,0.00214,0,0,0.17417,0,0,0,0,0,0
TCGA-AA-3511,0.00046,0.00223,0.00522,0.00824,0.01722,0.00428,0.00057,0.16477,0.00275,0.02345,0.00043,0.00035,0.00177,0.05116,0.01329,0.00464,0.00195,0.0013,0.01756,0.00085,0.0009,0.00085,0.00193,0.00568,0.00064,0.00926,0.00256,0.0118,0.00062,0.00343,0.00072,0.00072,0.34779,0.00041,0.00628,0.00342,0.00063,0.00079,0.00295,0.00129,0.00234,0.01335,0.00049,0.01025,0.07493,0.00423,0.00244,0.00281,0.02633,0.00092,0.00689,0.00116,0.00237,0.03279,0.00025,0.033,0.00114,0.00336,0.00042,0.01726,0.00552,0.00214,0.00725,0.00291,0.00138,0.41227,0.01078,0.24067,0.32468,0.01161,0,0,0,0,0,0,0
TCGA-AA-3514,0,0.00215,0,0.00314,0,0,0,0.08157,0,0,0.0021,0,0,0.00515,0.00543,0,0,0.07569,0.00445,0.19971,0,0,0,0,0,0,0,0.0031,0,0.00454,0,0,0.26806,0,0,0.00992,0,0,0,0,0,0.00444,0,0.00351,0.02012,0,0,0.01328,0,0,0,0,0,0.01808,0,0.00294,0,0,0,0,0,0,0,0,0.00122,1,0,0,0,0,0,0,0,0,0,0,0
TCGA-AA-3517,0,0.0017,0.00209,0.00196,0,0.00146,0,0.11519,0,0,0,0,0,0.1303,0,0,0.00242,0.02787,0.00474,0.10372,0,0,0,0,0,0,0,0.04475,0,0.09256,0,0,0.19042,0,0,0.05577,0,0,0,0,0.00422,0.00284,0,0.00285,0.03,0,0,0.01075,0,0.00076,0,0,0.00592,0.0227,0,0.00341,0,0,0,0,0,0,0,0.00298,0.00102,0.66608,0.28912,0,0,0,0,0,0,0,0.04479,0,0
TCGA-AA-3518,0,0,0.00198,0.0676,0,0,0,0.12176,0,0,0,0,0,0.19778,0,0,0,0.0135,0.00302,0.05206,0,0,0,0,0,0,0,0.24933,0,0.06534,0,0,0.16066,0,0,0.00528,0,0,0,0,0.00161,0,0,0.0027,0.0192,0,0,0,0,0,0,0,0,0.00505,0,0.00173,0,0,0,0,0,0,0,0.0181,0,0.14474,0.85526,0,0,0,0,0,0,0,0,0,0
TCGA-AA-3522,0,0.00377,0,0.00134,0,0.00456,0,0.00898,0,0,0,0,0,0,0,0,0,0.02176,0.00205,0.48667,0,0,0,0,0,0,0,0,0,0,0,0,0.25808,0,0,0.07393,0,0,0,0,0.00162,0,0,0.00116,0.02029,0,0,0,0,0,0,0,0,0.01054,0,0.0022,0,0,0,0.00398,0,0,0,0,0.00795,1,0,0,0,0,0,0,0,0,0,0,0
TCGA-AA-3524,0,0,0,0,0,0,0,0,0,0,0,0,0,0.00221,0,0,0,0.03021,0.00252,0.6911,0,0,0,0,0,0,0,0,0,0,0,0,0.18701,0,0,0.00978,0,0,0,0,0.00321,0,0,0,0.01921,0,0,0,0,0.00377,0,0,0,0.01625,0,0.00287,0,0,0,0,0,0,0,0,0,1,0,0,0,0,0,0,0,0,0,0,0
TCGA-AA-3526,0.00029,0.00179,0.0037,0.00733,0.00335,0.00302,0.00028,0.16647,0.00249,0.02278,0,0.00032,0.00119,0.05014,0.00908,0.00871,0.00164,0.00086,0.0168,0,0,0.00068,0.00108,0.00566,0.00059,0.00763,0.002,0.0694,0.00045,0.06819,0.00088,0.00036,0.30359,0.00046,0.00578,0.00267,0.00049,0.0005,0.0055,0.00081,0.00186,0.00875,0.00087,0.00719,0.06428,0.00236,0.00158,0.00257,0.01301,0.00129,0.00468,0.0008,0.00193,0.02793,0,0.0242,0.00111,0.00241,0,0.01414,0.0045,0.00385,0.00504,0.0021,0.00037,0.24171,0.15787,0.16423,0.41045,0.00743,0,0.01831,0,0,0,0,0
TCGA-AA-3527,0,0,0,0.00087,0,0,0,0.04749,0,0,0,0,0,0.00123,0,0,0,0.04202,0.00259,0.36878,0,0,0,0,0,0,0,0,0,0.00111,0,0,0.20562,0,0,0.00517,0,0,0,0,0,0,0,0.00133,0.00921,0,0,0.00613,0,0,0,0,0,0.00921,0,0.00104,0,0,0,0,0,0,0,0,0,0.79688,0,0,0,0,0,0,0,0,0.20312,0,0
TCGA-AA-3529,0,0,0,0.00406,0,0,0,0.03013,0,0,0,0,0,0.00566,0,0,0,0.03233,0.00653,0.26447,0,0,0,0,0,0,0,0.00146,0,0.00227,0,0,0.41039,0,0,0.01518,0,0,0,0,0.00618,0,0,0.00266,0.01807,0,0,0.00742,0,0,0,0,0,0.01,0,0.00228,0,0,0,0,0,0,0,0,0,0.79682,0,0,0,0,0,0,0,0,0.20318,0,0
TCGA-AA-3532,0,0,0.00275,0.00316,0,0.00895,0,0.02523,0,0,0,0,0,0.00667,0,0,0,0.04016,0.00555,0.36135,0,0,0,0,0,0,0,0,0,0.0037,0,0,0.41566,0,0,0.01176,0,0,0,0,0.0036,0,0,0.00493,0.0359,0,0,0,0,0,0,0,0,0.02645,0,0.00342,0,0,0,0,0,0,0,0,0.01518,0.82118,0.17882,0,0,0,0,0,0,0,0,0,0
TCGA-AA-3543,0,0,0,0,0,0,0,0.09448,0,0,0,0,0,0.02502,0,0,0,0.02061,0.00245,0.26946,0,0,0,0,0,0,0,0.22954,0,0.00657,0,0,0.23659,0,0,0.01225,0,0,0,0,0.00112,0,0,0.00382,0.02654,0,0,0,0,0,0,0,0,0.01099,0,0.00248,0,0,0,0,0,0,0,0,0,0.35774,0.64226,0,0,0,0,0,0,0,0,0,0
TCGA-AA-3544,0,0,0.00068,0.15325,0,0.00183,0.00048,0.02946,0,0,0,0,0,0.05917,0.00295,0,0,0.00666,0.00038,0.04843,0,0.00014,0,0.00129,0,0,0.00025,0.22754,0,0.16206,0,0.00019,0.0744,0,0,0.01932,0,0,0,0,0,0.01579,0.00023,0.00089,0.0066,0.00028,0.00015,0.00062,0,0,0,0,0.00081,0.00302,0,0.00043,0.00047,0,0,0,0,0.00025,0.00024,0.00791,0.00209,0.02583,0.97417,0,0,0,0,0,0,0,0,0,0
TCGA-AA-3552,0,0,0,0.00101,0,0,0,0,0,0,0,0,0,0.00109,0,0,0,0.00852,0.00192,0.70103,0,0,0,0,0,0,0,0,0,0.00981,0,0,0.19277,0,0,0.00292,0,0,0,0,0.00181,0,0,0.00163,0.01311,0,0,0,0,0.00129,0,0,0,0.00589,0,0.00099,0,0,0,0,0,0,0,0,0,1,0,0,0,0,0,0,0,0,0,0,0
TCGA-AA-3555,0,0,0,0,0,0,0,0.01451,0,0,0,0,0,0.00539,0,0,0,0.01601,0.00375,0.27966,0,0,0,0,0,0,0,0,0,0,0,0,0.37191,0,0,0.00345,0,0,0,0,0.00218,0,0,0.00245,0.05083,0,0,0,0,0,0,0,0,0.01529,0,0.00267,0,0,0,0,0,0,0,0,0,1,0,0,0,0,0,0,0,0,0,0,0
TCGA-AA-3655,0.00035,0.0023,0.00565,0.00824,0.00435,0.00381,0.00038,0.1828,0.00221,0.0254,0.00029,0.00042,0.00217,0.00665,0.01043,0.00511,0.00153,0.00038,0.01661,0.00139,0.00062,0.00079,0.00144,0.00525,0.0006,0.00855,0.00213,0.00172,0.00045,0.01294,0.00091,0.00053,0.3998,0.00036,0.00665,0.00182,0.00073,0.001,0.0004,0.00097,0.00276,0.01271,0.00053,0.0075,0.05623,0.00371,0.00221,0.00185,0.02538,0.00075,0.04313,0.00121,0.00191,0.03076,0.00051,0.02535,0.00081,0.0027,0.00023,0.0162,0.00636,0.00178,0.00692,0.00238,0.00049,0.31896,0.03372,0.21891,0.40824,0.01189,0,0,0,0.00829,0,0,0
TCGA-AA-3664,0,0,0,0.0028,0,0,0,0.03654,0,0,0,0,0.00372,0.00913,0,0,0,0.00912,0.00705,0.1358,0,0,0,0,0,0,0,0,0,0.00142,0,0,0.24296,0,0,0.00214,0,0,0,0,0.0067,0,0,0.00318,0.04216,0,0,0.00284,0.00324,0,0,0,0,0.01757,0,0.00385,0,0,0,0,0,0,0,0,0,1,0,0,0,0,0,0,0,0,0,0,0
TCGA-AA-3667,0,0,0,0,0,0.04002,0,0,0,0,0,0,0,0,0,0,0,0.04675,0.01299,0.07972,0,0,0,0,0,0,0,0,0,0,0,0,0.3423,0,0.01643,0.02027,0,0,0,0,0,0,0,0,0.03957,0,0,0,0,0,0.08324,0,0,0.01418,0,0.00386,0,0,0,0,0,0,0,0,0.02806,1,0,0,0,0,0,0,0,0,0,0,0
TCGA-AA-3675,0,0.00285,0.00516,0.00716,0.00173,0.00296,0.00054,0.14338,0.00195,0.01823,0.0003,0.00041,0.00138,0.10084,0.00612,0.00207,0.00107,0,0.01749,0,0,0.00072,0.00131,0.00382,0.00054,0.00376,0.00169,0.05621,0.0005,0.00465,0.00056,0.00056,0.35655,0.00042,0.0088,0.00146,0.00048,0.00047,0.00064,0.00048,0.00206,0.00874,0.00124,0.00861,0.07273,0.00259,0.00185,0.00274,0.02008,0.001,0.00326,0.00086,0.00116,0.03192,0,0.02853,0.00125,0.00217,0,0.01052,0.00411,0.00117,0.00511,0.00224,0.00041,0.33383,0.02744,0.23158,0.35376,0.04248,0,0,0,0.0109,0,0,0
TCGA-AA-3680,0,0,0,0,0,0.00272,0,0,0,0,0,0,0,0.02962,0,0,0,0.02192,0.01231,0.29641,0,0,0,0,0,0,0,0.00285,0,0.02076,0,0,0.4734,0,0,0.00814,0,0,0,0,0.01844,0,0,0.00605,0.04289,0,0,0,0,0,0,0,0.00284,0.01645,0,0.00356,0,0,0,0,0,0,0,0,0.00258,1,0,0,0,0,0,0,0,0,0,0,0
TCGA-AA-3685,0.00016,0.00074,0.00166,0.01043,0.0005,0.0012,0.00018,0.12271,0.00071,0.00607,0,0.00016,0.00049,0.31827,0.00254,0.00148,0.00066,0.00033,0.00625,0.00029,0,0.00037,0.00044,0.0015,0.00023,0.00175,0.00057,0.07086,0.00016,0.17299,0.00027,0.0002,0.15743,0.0002,0.00278,0.00079,0.00015,0.00023,0.00035,0.00027,0.00027,0.00401,0.00079,0.00338,0.02319,0.00089,0.00055,0.00093,0.00469,0.00039,0.00214,0.00029,0.00057,0.01123,0.0001,0.01016,0.00068,0.00074,0,0.0056,0.00212,0.00091,0.00282,0.01764,0.00014,0.19127,0.61599,0.07651,0.09474,0.00619,0,0.01074,0,0,0,0,0
TCGA-AA-3710,0,0,0,0.20531,0,0,0,0.00217,0,0,0,0,0,0.26839,0,0,0,0.00095,0.0005,0.03814,0,0,0,0,0,0,0,0.21627,0,0.13041,0,0,0.0425,0,0,0.00873,0,0,0,0,0.0003,0.00245,0,0.0003,0.00412,0,0,0,0,0,0,0,0,0.00137,0,0.00039,0,0,0,0,0,0.01788,0,0.02472,0,0.06713,0.93287,0,0,0,0,0,0,0,0,0,0
TCGA-AA-3712,0.00042,0.00211,0.0042,0.0077,0.00504,0.00366,0.00041,0.14619,0.00257,0.0174,0.00039,0.0004,0.00156,0.00453,0.01191,0.00309,0.00138,0.0036,0.02421,0.00163,0.00052,0.00089,0.00127,0.00358,0.00076,0.00666,0.00227,0.00116,0.00067,0.00361,0.00069,0.0007,0.45227,0.00045,0.00479,0.00124,0.00038,0.00073,0.0013,0.00135,0.0029,0.01128,0.00053,0.01089,0.08032,0.0024,0.00188,0.00356,0.01625,0.00121,0.00441,0.00111,0.0014,0.04121,0.00024,0.03871,0.00092,0.00259,0.00037,0.01274,0.00436,0.00224,0.00714,0.00216,0.00059,0.36725,0,0.27267,0.34932,0,0,0.01076,0,0,0,0,0
TCGA-AA-3713,0.00036,0.00202,0.00453,0.00899,0.00344,0.00423,0.00042,0.16036,0.00249,0.01789,0.00032,0.00042,0.00148,0.00803,0.01075,0.00241,0.00133,0.00058,0.01804,0.001,0.00055,0.00108,0.00105,0.00478,0.00049,0.00638,0.00208,0.00277,0.00048,0.03297,0.00055,0.00045,0.41799,0.00038,0.00431,0.00368,0.00042,0.0007,0.00092,0.00112,0.00301,0.01144,0.00031,0.00922,0.06493,0.00311,0.00262,0.00248,0.01921,0.001,0.04151,0.00102,0.00141,0.03343,0.00029,0.02543,0.00077,0.00263,0.00041,0.01262,0.00548,0.00182,0.00566,0.00152,0.00038,0.23737,0.00453,0.17892,0.56525,0.00453,0,0.00502,0,0.00437,0,0,0
TCGA-AA-3715,0,0,0,0,0,0,0,0,0.00577,0,0,0,0,0.00755,0,0,0,0.03612,0.00594,0.04327,0,0,0.00341,0,0,0,0,0,0,0.0053,0,0,0.23258,0,0,0.00707,0,0,0,0,0,0,0,0,0.02816,0,0,0,0,0,0.05284,0,0,0.01101,0,0.00409,0,0,0,0,0,0,0.00857,0,0,1,0,0,0,0,0,0,0,0,0,0,0
TCGA-AA-3812,0,0,0,0,0,0,0,0,0,0,0,0,0,0,0,0,0,0.07275,0.01653,0.07409,0,0,0,0,0,0,0,0,0,0,0,0,0.34773,0,0,0.03286,0,0,0,0,0,0,0,0,0.04285,0,0,0,0,0,0.1093,0,0,0.01651,0,0.00462,0,0,0,0,0,0,0,0,0,1,0,0,0,0,0,0,0,0,0,0,0
TCGA-AA-3815,0,0,0,0.21479,0,0,0,0.00411,0,0,0,0,0,0.15892,0.0054,0,0.00016,0.00056,0.00015,0.06946,0,0.00023,0,0.00075,0,0.00315,0.00015,0.08872,0,0.22282,0,0.00007,0.01929,0,0,0.09087,0,0,0,0,0.00006,0.00668,0,0.00007,0.00142,0.0002,0,0,0,0,0,0,0.00007,0.00038,0,0.00009,0.00004,0,0,0.00035,0,0.06515,0,0.00611,0.00006,0.04026,0.71509,0,0,0,0.24465,0,0,0,0,0,0
TCGA-AA-3837,0,0,0,0,0,0,0,0,0,0,0,0,0,0,0,0,0,0.00928,0.00566,0.05977,0,0,0,0,0,0,0,0,0,0,0,0,0.32474,0,0,0,0,0,0,0,0.0068,0,0,0,0.02242,0,0,0,0,0,0,0,0,0.01506,0,0,0,0,0,0,0,0,0,0,0,1,0,0,0,0,0,0,0,0,0,0,0
TCGA-AA-3844,0,0,0,0.00172,0,0,0,0.05156,0,0,0,0,0,0.04055,0,0,0,0.01465,0.00417,0.27879,0,0,0,0,0,0,0,0.19599,0,0.09952,0,0,0.21615,0,0,0.0374,0,0,0,0,0.00239,0,0,0.00188,0.01626,0,0,0,0,0,0,0,0,0.00898,0,0.00319,0,0,0,0,0,0,0,0.01164,0,0.39342,0.60658,0,0,0,0,0,0,0,0,0,0
TCGA-AA-3845,0,0,0,0.0142,0,0,0,0.03391,0,0,0,0,0,0.06623,0.00134,0,0,0.00241,0.00101,0.20427,0,0,0,0,0,0,0,0.22122,0,0.16305,0,0,0.08397,0,0,0.00227,0,0,0,0,0.00137,0,0,0.00062,0.00679,0,0,0,0,0,0,0,0,0.00263,0,0.00061,0,0,0,0,0,0.14365,0,0.03142,0,0.13377,0.84951,0,0,0,0.01672,0,0,0,0,0,0
TCGA-AA-3848,0,0,0,0,0,0,0,0.09461,0,0,0,0,0,0.00387,0,0,0,0.02805,0.01144,0.04268,0,0,0.00343,0,0,0,0,0,0,0,0,0,0.23378,0,0,0.00414,0,0,0,0,0,0,0,0,0.03125,0,0,0,0,0,0.02177,0,0,0.01147,0,0.00362,0,0,0,0,0,0,0,0,0,1,0,0,0,0,0,0,0,0,0,0,0
TCGA-AA-3854,0,0,0,0.0022,0,0,0,0.02119,0,0,0,0,0,0.00233,0,0,0,0.01523,0.00434,0.15841,0,0,0,0,0,0,0,0.00062,0,0,0,0,0.45973,0,0,0.00678,0,0,0,0,0.00245,0,0,0.00275,0.0512,0,0,0,0,0,0.00841,0,0,0.01337,0,0.00198,0,0,0,0,0,0,0,0,0,1,0,0,0,0,0,0,0,0,0,0,0
TCGA-AA-3856,0,0,0,0.0044,0,0,0,0.03856,0,0,0,0,0,0.00291,0,0,0,0.03793,0.00548,0.28395,0,0,0,0,0,0,0,0,0,0.00281,0,0,0.46804,0,0,0.00687,0,0,0,0,0.00403,0,0,0.00564,0.05779,0,0,0.00788,0,0.00199,0.00296,0,0,0.02793,0,0.00505,0,0,0,0,0,0,0,0,0.00213,1,0,0,0,0,0,0,0,0,0,0,0
TCGA-AA-3858,0,0,0,0,0,0,0,0.02231,0,0,0,0,0,0,0,0,0,0.03247,0.00324,0.46595,0,0,0,0,0,0,0,0,0,0,0,0,0.39491,0,0,0.00258,0,0,0,0,0.00167,0,0,0.00379,0.02851,0,0,0,0,0,0,0,0,0.01789,0,0.00251,0,0,0,0,0,0,0,0,0,1,0,0,0,0,0,0,0,0,0,0,0
TCGA-AA-3861,0,0,0,0.08844,0,0,0,0,0,0,0,0,0,0.03121,0,0,0,0.0061,0.00109,0.67445,0,0,0,0,0,0,0,0.03307,0,0.01171,0,0,0.11746,0,0,0.00169,0,0,0,0,0.00062,0,0,0.00108,0.00897,0,0,0,0,0,0,0,0,0.0045,0,0.0008,0,0,0,0,0,0,0,0.00197,0,0.31401,0.68599,0,0,0,0,0,0,0,0,0,0
TCGA-AA-3862,0,0,0,0.00762,0,0,0,0.01433,0,0,0,0,0,0.05978,0,0,0,0.01611,0.00079,0.769,0,0,0,0,0,0,0,0.00876,0,0.00186,0,0,0.09111,0,0,0.00102,0,0,0,0,0.0008,0,0,0.001,0.00643,0,0,0,0,0,0,0,0,0.00381,0,0.00083,0,0,0,0,0,0,0,0,0.00084,0.88798,0.11202,0,0,0,0,0,0,0,0,0,0
TCGA-AA-3866,0,0,0.0002,0.19481,0,0,0,0.00557,0,0.00011,0,0,0,0.23711,0.00579,0,0.00039,0.00042,0.0005,0.05943,0,0.00048,0,0.00079,0,0,0.00026,0.12772,0,0.22706,0,0,0.04505,0,0,0.05599,0,0,0,0,0.00024,0.00264,0,0.00021,0.00245,0.00062,0,0,0,0,0,0,0.00022,0.00089,0,0.00023,0.00012,0,0,0.00041,0,0.01297,0.00012,0.0036,0.00015,0.06846,0.93154,0,0,0,0,0,0,0,0,0,0
TCGA-AA-3869,0,0,0,0.00148,0,0,0,0.01761,0,0,0,0,0,0.00146,0,0,0,0.01781,0.00485,0.35434,0,0,0,0,0,0,0,0,0,0,0,0,0.52437,0,0,0.0051,0,0,0,0,0.00561,0,0,0.00302,0.04099,0,0,0,0,0,0,0,0,0.00924,0,0.00241,0,0,0,0,0,0,0,0,0,1,0,0,0,0,0,0,0,0,0,0,0
TCGA-AA-3872,0,0,0,0.01492,0,0,0,0.18844,0,0,0,0,0,0.04046,0,0,0,0.01015,0.00646,0.11172,0,0,0,0,0,0,0,0.2002,0,0.00883,0,0,0.28553,0,0,0.04409,0,0,0,0,0.00565,0,0,0.00372,0.03011,0,0,0,0,0,0,0,0,0.01042,0,0.00414,0,0,0,0,0,0,0,0.02279,0.00308,0.25067,0.74158,0.00775,0,0,0,0,0,0,0,0,0
TCGA-AA-3875,0,0,0,0.00348,0,0,0,0.03321,0,0,0,0,0,0.00346,0,0,0,0.02435,0.00677,0.43745,0,0,0,0,0,0,0,0,0,0,0,0,0.40476,0,0,0.00372,0,0,0,0,0.00376,0,0,0.00483,0.03751,0,0,0,0,0,0,0,0,0.01856,0,0.00426,0,0,0,0,0,0,0,0,0,1,0,0,0,0,0,0,0,0,0,0,0
TCGA-AA-3877,0,0,0,0.00091,0,0,0,0.01804,0,0,0,0,0,0.00307,0,0,0,0.00562,0.00256,0.30048,0,0,0,0,0,0,0,0.02951,0,0.07404,0,0,0.25475,0,0,0,0,0,0,0,0.0015,0,0,0.00154,0.0277,0,0,0,0,0,0.01134,0,0,0.00627,0,0.00206,0,0,0,0,0,0,0,0.06289,0,0.24527,0.75473,0,0,0,0,0,0,0,0,0,0
TCGA-AA-3930,0,0,0.00376,0,0,0,0,0,0,0,0,0,0,0.00834,0,0,0,0.00934,0.00209,0.54032,0,0,0,0,0,0,0,0.0351,0,0.00277,0,0,0.15865,0,0,0,0,0,0,0,0.00231,0,0,0.00251,0.01839,0,0,0,0,0,0,0,0,0.00722,0,0.00211,0,0,0,0,0,0,0,0,0,0.9501,0.0499,0,0,0,0,0,0,0,0,0,0
TCGA-AA-3939,0,0,0,0.0012,0,0.00295,0,0.03374,0,0,0,0,0,0.0058,0.0015,0,0,0.01507,0.0025,0.67768,0,0,0,0,0,0.00703,0,0,0,0.00311,0,0,0.1998,0,0,0.00294,0,0,0,0,0.00116,0,0,0.00279,0.01893,0,0,0,0,0,0,0,0,0.0115,0,0.00183,0,0,0,0.00122,0,0,0,0,0.00445,1,0,0,0,0,0,0,0,0,0,0,0
TCGA-AA-3947,0,0,0,0,0,0,0,0,0,0,0,0,0,0,0,0,0,0.0083,0,0.76961,0,0,0,0,0,0,0,0,0,0,0,0,0.14986,0,0,0.0034,0,0,0,0,0,0,0,0,0.00386,0,0,0,0,0,0,0,0,0.01047,0,0,0,0,0,0,0,0,0,0,0,1,0,0,0,0,0,0,0,0,0,0,0
TCGA-AA-3949,0,0,0,0.05541,0,0,0,0,0,0,0,0,0,0.12534,0.00155,0,0,0.00206,0.00047,0.17961,0,0,0,0,0,0,0,0.18167,0,0.17724,0,0,0.05431,0,0,0.002,0,0,0,0,0.00024,0.00049,0.0003,0.00055,0.00621,0,0,0,0,0,0,0,0.00098,0.00154,0,0.00033,0,0,0,0,0,0.11829,0,0.00362,0,0.13567,0.84451,0,0,0,0.01982,0,0,0,0,0,0
TCGA-AA-3950,0,0,0.00464,0,0,0,0,0,0,0,0,0,0,0.00181,0,0,0,0.02252,0.0015,0.57977,0,0,0,0,0,0,0,0,0,0.00387,0,0,0.22205,0,0,0.01472,0,0,0,0,0,0,0,0,0.07038,0,0,0,0,0,0,0,0,0.01019,0,0.00193,0,0,0,0,0,0,0,0,0,1,0,0,0,0,0,0,0,0,0,0,0
TCGA-AA-3956,0,0,0,0,0,0,0,0,0,0,0,0,0,0.00769,0,0,0,0.00793,0.0013,0.53428,0,0,0,0,0,0,0,0.08907,0,0.16483,0,0,0.10779,0,0,0.00345,0,0,0,0,0.00083,0,0,0.00081,0.00966,0,0,0,0,0,0,0,0,0.00366,0,0.00107,0,0,0,0,0,0,0,0,0,1,0,0,0,0,0,0,0,0,0,0,0
TCGA-AA-3970,0,0,0,0.00423,0,0,0,0.01782,0,0,0,0,0,0.22559,0,0,0.00131,0.00801,0.00069,0.28728,0,0,0,0,0,0,0,0.10019,0,0.15667,0,0,0.07708,0,0,0.00468,0,0,0,0,0.00046,0,0,0.00066,0.00436,0,0,0,0.00041,0,0,0,0,0.00245,0,0.0006,0,0,0,0,0,0.00082,0,0.00113,0.00062,0.37123,0.62877,0,0,0,0,0,0,0,0,0,0
TCGA-AA-3973,0,0,0,0.00099,0,0,0,0.14012,0,0,0,0,0,0.01201,0,0,0,0.00629,0.00283,0.10978,0,0,0,0,0,0,0,0.23678,0,0.24726,0,0,0.15966,0,0,0.03928,0,0,0,0,0.00301,0,0,0.00185,0.01388,0,0,0,0,0,0,0,0,0.00492,0,0.00206,0,0,0,0,0,0,0,0.00915,0.00103,0.34857,0.65143,0,0,0,0,0,0,0,0,0,0
TCGA-AA-3979,0,0,0,0.00499,0,0,0,0,0,0,0,0,0,0.1234,0,0,0,0.00918,0.00202,0.31092,0,0,0,0,0,0,0,0.26757,0,0.05173,0,0,0.12974,0,0,0.01445,0,0,0,0,0.00203,0,0,0.0013,0.01313,0,0,0.00137,0,0,0,0,0,0.00568,0,0.00128,0,0,0,0,0,0,0,0.03006,0,0.36731,0.63269,0,0,0,0,0,0,0,0,0,0
TCGA-AA-3980,0,0,0,0.00077,0,0,0,0.01605,0,0,0,0,0,0.00132,0,0,0,0.01028,0.00224,0.58119,0,0,0,0,0,0,0,0,0,0.00091,0,0,0.33537,0,0,0.00287,0,0,0,0,0.00196,0,0,0.0012,0.02934,0,0,0,0,0,0,0,0,0.00922,0,0.00183,0,0,0,0,0,0,0,0,0,0.86409,0.13591,0,0,0,0,0,0,0,0,0,0
TCGA-AA-3982,0,0,0,0.00213,0,0.00332,0,0.01647,0,0,0,0,0,0.0014,0,0,0,0.03928,0.01138,0.27549,0,0,0,0,0,0,0,0,0,0.00124,0,0,0.38155,0,0,0.00645,0,0,0,0,0.00803,0,0,0.00435,0.07463,0,0,0.00174,0,0.02352,0.00682,0,0,0.12999,0,0.00393,0,0,0,0,0,0,0,0,0,0.79714,0.20286,0,0,0,0,0,0,0,0,0,0
TCGA-AA-3984,0,0,0,0.00241,0,0,0,0.00742,0,0,0,0,0,0.00176,0,0,0,0.00911,0.00324,0.56588,0,0,0,0,0,0,0,0,0,0,0,0,0.3111,0,0,0.00123,0,0,0,0,0.00332,0,0,0.00242,0.02667,0,0,0,0,0,0,0,0,0.0137,0,0.00345,0,0,0,0,0,0,0,0,0,0.63531,0,0,0,0,0,0,0,0,0,0,0
TCGA-AA-3986,0,0.00075,0.00085,0.19952,0,0,0,0.00983,0,0,0,0,0,0.1352,0.00042,0,0,0.00162,0.00098,0.10705,0,0,0,0.00056,0,0,0,0.19008,0,0.20106,0,0,0.09297,0,0,0.01536,0,0,0,0,0.00072,0,0,0.00052,0.00588,0,0,0,0,0,0,0,0.00023,0.00262,0,0.00062,0,0,0,0,0,0.00117,0.00027,0.01979,0,0.06396,0.93227,0,0,0,0,0,0,0,0.00378,0,0
TCGA-AA-A004,0,0,0,0.00473,0,0,0,0.3541,0,0,0,0,0,0.0058,0.00579,0,0,0.01931,0.00702,0,0,0,0,0,0,0,0,0,0,0,0,0,0.14945,0,0,0.0043,0,0,0,0,0,0.00867,0,0.00939,0.03194,0,0,0.01197,0,0,0,0,0,0.05609,0.00379,0.00566,0,0,0,0,0,0,0,0,0,0.83041,0,0.16959,0,0,0,0,0,0,0,0,0
TCGA-AA-A00D,0,0,0,0.00196,0,0,0,0.05086,0,0,0,0,0,0.00245,0,0,0,0.00804,0.00526,0.37728,0,0,0,0,0,0,0,0.03127,0,0.00726,0,0,0.39707,0,0,0,0,0,0,0,0.0057,0,0,0.00401,0.03874,0,0,0,0,0,0,0,0,0.01795,0,0.00466,0,0,0,0,0,0,0,0,0,0.9386,0,0,0,0,0,0,0,0,0,0,0
TCGA-AA-A00L,0,0,0,0.0032,0,0,0,0.06236,0,0,0,0,0,0.12996,0,0,0,0.02196,0.00446,0.21564,0,0,0,0,0,0,0,0.03156,0,0.15165,0,0,0.23359,0,0,0.01265,0,0,0,0,0.0026,0,0,0.00447,0.0713,0,0,0,0,0,0,0,0.00397,0.01112,0,0.00402,0,0,0,0,0,0,0,0.00942,0,0.27169,0.72831,0,0,0,0,0,0,0,0,0,0
TCGA-AA-A00R,0,0.00292,0,0.00581,0,0.00427,0,0.06441,0,0,0,0,0,0.0052,0,0,0,0.03533,0.00448,0.17758,0,0,0,0,0,0,0,0.03586,0,0.00261,0,0,0.33315,0,0,0.01068,0,0,0,0,0.00764,0,0,0.00681,0.04158,0,0,0.00919,0,0,0,0,0,0.02689,0,0.00404,0,0,0,0,0,0,0,0,0.01376,0.8417,0.1583,0,0,0,0,0,0,0,0,0,0
TCGA-AA-A00Z,0,0,0,0.00352,0,0,0,0.13469,0,0,0,0,0,0.00605,0,0,0,0.00952,0.01518,0.17735,0,0,0,0,0,0,0,0.00761,0,0.01118,0,0,0.43383,0,0,0,0,0,0,0,0.01006,0,0,0.00799,0.06101,0,0,0.00621,0,0,0,0,0,0.0299,0,0.01549,0,0,0,0,0,0.00307,0,0,0,0.75111,0.21571,0.03319,0,0,0,0,0,0,0,0,0
TCGA-AA-A01P,0,0,0,0.00132,0.00501,0.00394,0,0.01325,0,0,0,0,0.00491,0.00174,0,0,0,0.01604,0.00247,0.32829,0,0,0,0,0,0,0,0,0,0,0,0,0.29963,0,0,0.00419,0,0,0,0,0.00158,0,0,0.00167,0.02425,0,0,0.00496,0,0,0,0,0,0.01176,0,0.00144,0,0,0,0,0,0,0,0,0.00186,1,0,0,0,0,0,0,0,0,0,0,0
TCGA-AA-A01Q,0,0,0,0.00082,0,0,0,0.03278,0,0,0,0,0.01077,0.027,0,0,0,0.00325,0.00076,0.14055,0,0,0,0,0,0,0,0.02775,0.00021,0.00479,0,0,0.06626,0,0,0,0,0,0,0,0.00068,0,0,0.00112,0.00856,0,0,0.00095,0,0,0,0,0,0.00336,0,0.00075,0,0,0,0,0,0,0,0.00403,0,0.22954,0.77046,0,0,0,0,0,0,0,0,0,0
TCGA-AA-A01R,0,0,0,0.00964,0,0.00632,0,0.10292,0,0,0,0,0,0.00392,0,0,0,0.06945,0.01376,0.03878,0,0,0.00762,0,0,0,0,0,0,0,0,0,0.3674,0,0,0.02057,0,0,0,0,0,0,0,0.01012,0.12258,0,0,0.00963,0,0,0,0,0,0.04556,0,0.01312,0,0,0,0,0,0,0,0,0.00469,1,0,0,0,0,0,0,0,0,0,0,0
TCGA-AA-A022,0,0.00131,0.00088,0.00903,0,0.00165,0,0.04407,0,0,0,0,0,0.03672,0.00242,0,0,0.01826,0.00294,0.05066,0,0,0,0,0,0,0,0.0781,0,0.01189,0,0,0.25659,0,0,0.006,0,0,0,0,0.00211,0.004,0,0.0017,0.02296,0,0.00057,0.0027,0,0.00041,0,0,0.00076,0.01008,0,0.00168,0,0,0,0,0,0,0,0.04701,0.00576,0.17872,0.81034,0,0,0,0,0,0,0,0,0,0
TCGA-AA-A024,0,0,0,0,0,0,0,0.01021,0,0,0,0,0,0.00245,0,0,0,0.02913,0.00297,0.58115,0,0,0,0,0,0,0,0,0,0.00198,0,0,0.30723,0,0,0.00826,0,0,0,0,0.00205,0,0,0.00186,0.01853,0,0,0,0,0,0,0,0,0.00785,0,0.00127,0,0,0,0,0,0,0,0,0,1,0,0,0,0,0,0,0,0,0,0,0
TCGA-AA-A029,0,0,0,0.00135,0,0,0,0,0.00078,0,0,0,0,0.01986,0,0,0,0.04326,0.00122,0.59994,0,0,0,0,0,0,0,0.00168,0,0.01105,0,0,0.17474,0,0,0.00848,0,0,0,0,0.0008,0,0,0.00179,0.01203,0,0,0.00974,0,0,0.00342,0,0,0.01008,0,0.0008,0,0,0,0,0,0,0,0,0.00114,1,0,0,0,0,0,0,0,0,0,0,0
TCGA-AA-A02K,0.00042,0.00213,0.00503,0.00715,0.00547,0.00394,0.00056,0.19347,0.0029,0.02668,0.00039,0.00064,0.00175,0.00183,0.0097,0.00267,0.00109,0.00242,0.03363,0.00059,0.0007,0.00139,0.00125,0.00496,0.00057,0.00789,0.00199,0.00064,0.00066,0.00254,0.00088,0.00044,0.33606,0.00038,0.00542,0.00082,0.00065,0.00076,0.00038,0.00107,0.00955,0.01188,0.00064,0.01622,0.093,0.00346,0.00238,0.00453,0.02206,0.00162,0.00628,0.00124,0.00168,0.05306,0.0003,0.0436,0.00111,0.00279,0,0.01916,0.00498,0.0021,0.00753,0.00174,0.00052,0.43554,0.00553,0.20615,0.34889,0,0,0.0039,0,0,0,0,0
TCGA-AA-A02O,0,0.00464,0.00242,0.01106,0,0.00584,0,0.05652,0,0,0,0,0,0.00864,0,0,0.00599,0.18286,0.0053,0.01808,0,0,0,0,0,0,0,0.00161,0,0.00886,0,0,0.22734,0,0,0.0394,0,0,0,0,0.00482,0.00253,0.00131,0.00954,0.03695,0,0,0.01461,0,0,0,0,0.00286,0.04134,0,0.00477,0.00155,0,0,0,0,0.00136,0,0,0.0087,0.63475,0,0,0,0,0,0,0,0,0,0,0
TCGA-AA-A02R,0,0,0,0,0,0,0,0.01661,0,0,0,0,0,0.01219,0,0,0,0.02242,0.00263,0.55576,0,0,0,0,0,0,0,0.00196,0,0.00511,0,0,0.31301,0,0,0.00677,0,0,0,0,0.00105,0,0,0.00283,0.02547,0,0,0,0,0,0.00657,0,0,0.00988,0,0.00134,0,0,0,0,0,0,0,0,0,0.86458,0.13542,0,0,0,0,0,0,0,0,0,0
TCGA-AA-A02W,0,0,0,0.00251,0,0,0,0.02943,0,0,0,0,0,0.00196,0,0,0,0.01764,0.01025,0.4191,0,0,0,0,0,0,0,0,0,0,0,0,0.40344,0,0,0.00326,0,0,0,0,0.01042,0,0,0.0046,0.0561,0,0,0,0.0042,0,0,0,0,0.02355,0,0.00578,0,0,0,0,0,0,0,0,0,1,0,0,0,0,0,0,0,0,0,0,0
TCGA-AA-A03F,0,0,0.00201,0.00473,0,0.00154,0,0.02084,0,0,0,0,0,0.00944,0,0,0,0.18473,0.00274,0.06923,0,0,0,0,0,0,0,0.00122,0,0.00774,0,0,0.22439,0,0,0.00825,0,0,0,0,0,0.00138,0,0.00424,0.02618,0,0,0.00304,0,0.00073,0.0038,0,0.00079,0.01744,0.00056,0.00212,0,0,0,0,0,0,0,0,0.00274,1,0,0,0,0,0,0,0,0,0,0,0
TCGA-AD-5900,0.00059,0.00289,0.0062,0.00767,0.00343,0.00476,0.00104,0.24198,0.00229,0.02403,0.00053,0.00065,0.00149,0.00622,0.0122,0.00794,0.00218,0.00279,0.01623,0.00124,0.00059,0.0011,0.00148,0.00564,0.00038,0.00856,0.00269,0.00213,0.00049,0.00545,0.00075,0.00075,0.32588,0.00045,0.00529,0.00254,0.0004,0.0012,0.00057,0.00101,0.00155,0.01649,0.00074,0.00847,0.08102,0.00267,0.00284,0.0035,0.01643,0.00095,0.00777,0.00121,0.00256,0.03013,0.00095,0.02495,0.00119,0.00374,0.00053,0.01624,0.00611,0.00245,0.00768,0.00246,0.00056,0.47447,0.02218,0.26663,0.20526,0.01599,0,0,0,0,0,0,0
TCGA-AD-6889,0.00031,0.00153,0.00348,0.0058,0.00238,0.00199,0.00018,0.14424,0.00108,0.01049,0.00021,0.00021,0.00197,0.2401,0.00899,0.01011,0.0021,0.00345,0.00897,0.00082,0.00041,0.00052,0.00078,0.00352,0.00056,0.00901,0.00135,0.0143,0.00015,0.05351,0.00021,0.00026,0.2777,0.00027,0.00308,0.00496,0.00014,0.00041,0.00112,0.00063,0.00059,0.00912,0.00042,0.00404,0.02964,0.00205,0.00107,0.00181,0.00716,0.00068,0.00107,0.00056,0.00131,0.01751,0.00024,0.01347,0.00088,0.00174,0.0002,0.00907,0.00284,0.00302,0.00378,0.00129,0.00017,0.33845,0.03099,0.24218,0.36041,0.01233,0,0.00722,0,0.00842,0,0,0
TCGA-AD-6895,0.00007,0.00047,0.00083,0.12884,0.00038,0.00067,0.00005,0.09287,0.0004,0.00355,0.00006,0.00005,0.00035,0.22654,0.00252,0.00115,0.00031,0.00039,0.00316,0.00032,0.00008,0.00016,0.0002,0.00081,0.00008,0.00141,0.00047,0.03566,0.00011,0.17332,0.00005,0.0001,0.13708,0.0001,0.00097,0.07882,0.00008,0.00016,0.00007,0.0002,0.00043,0.00986,0.00012,0.0016,0.01256,0.00077,0.00038,0.00057,0.00268,0.00021,0.00185,0.00021,0.00032,0.0061,0.00007,0.00459,0.00017,0.00051,0.00007,0.00806,0.00298,0.04355,0.00181,0.00091,0.00011,0.09392,0.78339,0.05929,0.05009,0.0019,0.00832,0.00309,0,0,0,0,0
TCGA-AD-6963,0.00039,0.00189,0.0036,0.00729,0.00783,0.00376,0.00037,0.14838,0.00195,0.01906,0.00037,0.0004,0.00108,0.00413,0.00975,0.00295,0.001,0.00036,0.02122,0.00074,0.0006,0.00054,0.00124,0.00364,0.00065,0.00628,0.00203,0.00148,0.00048,0.00246,0.00047,0.00046,0.46577,0.00061,0.00507,0.00104,0.00045,0.0005,0.0004,0.00114,0.00179,0.00984,0.00067,0.01104,0.08192,0.00218,0.00199,0.00293,0.01488,0.00133,0.007,0.00091,0.00175,0.03739,0,0.03615,0.00098,0.00271,0.00028,0.01429,0.00468,0.00261,0.00686,0.00149,0.00046,0.11971,0.00391,0.07215,0.79603,0.00226,0,0.00218,0,0.00188,0,0,0
TCGA-AD-6964,0.0005,0.00562,0.00936,0.00808,0.00172,0.00466,0.00839,0.17667,0.00191,0.02431,0,0.00055,0.00182,0.01146,0.00837,0.00387,0.00135,0.02159,0.02157,0.00086,0.00037,0.00152,0.00114,0.00431,0.00052,0.00517,0.00254,0.01237,0.00058,0.0121,0.00073,0.00061,0.35329,0.00065,0.00492,0.00444,0.00061,0.00074,0,0.00076,0.00883,0.01324,0.00053,0.00928,0.06344,0.0074,0.00209,0.00424,0.01868,0.00098,0.00615,0.00119,0.00188,0.03719,0,0.02653,0.00071,0.00323,0,0.01711,0.00487,0.00206,0.00555,0.0019,0.00068,0.52047,0,0.27425,0.20528,0,0,0,0,0,0,0,0
TCGA-AM-5820,0.00043,0.00278,0.00688,0.00834,0.00311,0.00369,0.00099,0.25637,0.00335,0.0267,0.00036,0.00087,0.00153,0.02052,0.00908,0.00455,0.0015,0.00062,0.01229,0.00248,0.00022,0.00116,0.00159,0.00551,0.00098,0.00705,0.00247,0.01051,0.00041,0.02549,0.00065,0.00074,0.35952,0.00059,0.00772,0.00158,0.00046,0.00089,0.00192,0.00097,0.00304,0.01559,0.0006,0.00587,0.0482,0.00393,0.00245,0.00167,0.01991,0.00093,0.00268,0.0013,0.00212,0.02243,0.0008,0.01894,0.00103,0.00417,0.0003,0.0193,0.00578,0.00196,0.00671,0.00292,0.00044,0.27328,0.01422,0.22198,0.46552,0.01207,0,0.01293,0,0,0,0,0
TCGA-AY-6196,0.0003,0.00205,0.00441,0.0072,0.00314,0.00374,0.00044,0.17553,0.00284,0.02163,0.00027,0.0004,0.00187,0.00215,0.01065,0.00274,0.00116,0.00048,0.01833,0.00143,0.00022,0.00121,0.00105,0.00545,0.00049,0.0069,0.00171,0.00038,0.0005,0.00127,0.00055,0.00049,0.43887,0.00048,0.00571,0.00095,0.00073,0.00093,0.00035,0.00056,0.00348,0.0116,0.00036,0.00745,0.06399,0.0099,0.00219,0.0022,0.0213,0.00093,0.04276,0.00077,0.00163,0.03426,0.00048,0.02302,0.00055,0.00289,0.00033,0.01505,0.00557,0.0013,0.00527,0.00158,0.00036,0.45485,0,0.2497,0.29545,0,0,0,0,0,0,0,0
TCGA-AZ-4614,0,0,0,0.00224,0,0.00074,0,0.03511,0,0,0,0,0,0.03735,0,0,0,0.05847,0.00241,0.19751,0,0,0,0,0,0,0,0.05219,0,0.06072,0,0,0.34018,0,0,0.0067,0,0,0,0,0.00147,0,0,0.00598,0.04561,0,0,0.00701,0,0,0,0,0,0.01394,0,0.00238,0,0,0,0,0,0,0,0.01967,0.00165,0.42652,0.57348,0,0,0,0,0,0,0,0,0,0
TCGA-AZ-6599,0.00041,0.00388,0.0105,0.01029,0.00528,0.00497,0.00068,0.18032,0.00301,0.02983,0.00052,0.00077,0.00183,0.00858,0.01493,0.00501,0.00104,0,0.01961,0.00089,0.00039,0.00108,0.00164,0.00683,0.00112,0.01056,0.00208,0.00232,0.00098,0.00482,0.00077,0.00067,0.35607,0.00077,0.02266,0.00177,0.00098,0.00111,0.00077,0.00096,0.00377,0.01882,0.00086,0.00779,0.0639,0.00426,0.00358,0.00254,0.03482,0.00133,0.00441,0.00198,0.00271,0.03486,0.00061,0.02358,0.00105,0.00379,0.00027,0.01899,0.00838,0.00203,0.00542,0.0019,0.00053,0.24295,0.02461,0.28146,0.39262,0.04803,0,0,0,0.01032,0,0,0
TCGA-CA-5796,0.00048,0.003,0.00795,0.00741,0.00227,0.00357,0.00107,0.26873,0.00303,0.03649,0.00044,0.00099,0.00191,0.00343,0.0113,0.00678,0.00121,0.00234,0.01287,0.00171,0.00032,0.00096,0.00152,0.00629,0.00065,0.0095,0.00263,0.0024,0.00073,0.00273,0.00146,0.00076,0.33094,0.00073,0.0082,0.00162,0.00085,0.00152,0.00044,0.00106,0.00209,0.01704,0.00057,0.0058,0.05831,0.00382,0.00247,0.00364,0.02711,0.00081,0.00239,0.00162,0.00215,0.02429,0.00085,0.02891,0.00135,0.0042,0,0.02021,0.00854,0.00204,0.00869,0.00361,0.00058,0.21419,0.03269,0.17161,0.55828,0.01075,0,0,0,0.01247,0,0,0
TCGA-CA-6716,0.00035,0.00276,0.00529,0.00982,0.00266,0.00775,0.00064,0.16059,0.00252,0.02656,0.00049,0.00046,0.00208,0.00553,0.02153,0.00469,0.00148,0.00111,0.01954,0.00082,0.00028,0.00088,0.00129,0.00564,0.00065,0.00735,0.00297,0.00223,0.00068,0.01089,0.00066,0.00054,0.42348,0.00058,0.00749,0.00156,0.00048,0.00079,0.00052,0.00112,0.01119,0.01352,0.00089,0.00779,0.05631,0.003,0.00248,0.00267,0.02591,0.0008,0.00346,0.00127,0.0018,0.03148,0.0003,0.0275,0.00106,0.00289,0.00032,0.01595,0.00775,0.00143,0.00797,0.00219,0.00043,0.40761,0.01941,0.32725,0.21351,0.02135,0,0,0,0.01087,0,0,0
TCGA-CK-5912,0.00044,0.00248,0.00787,0.00863,0.00225,0.00404,0.00078,0.22313,0.00232,0.02234,0.00034,0.00069,0.00182,0.09002,0.00921,0.00842,0.00218,0.00033,0.01394,0.00114,0.00026,0.00091,0.00131,0.00636,0.00064,0.00909,0.00233,0.02527,0.00044,0.05356,0.00053,0.0005,0.28454,0.00042,0.0053,0.00254,0.00032,0.00107,0.00095,0.00111,0.00328,0.01405,0.00072,0.00546,0.04857,0.00341,0.00223,0.00201,0.02002,0.00081,0.00457,0.00138,0.00234,0.02243,0.00065,0.02092,0.00091,0.0043,0.00031,0.01419,0.00675,0.00232,0.00463,0.00394,0.00034,0.4633,0.0734,0.2936,0.12997,0.01777,0,0.02197,0,0,0,0,0
TCGA-CK-5915,0.00024,0.00188,0.00431,0.00838,0.00208,0.00379,0.00036,0.15916,0.0019,0.01897,0.00053,0.00037,0.00127,0.11951,0.02337,0.01614,0.00176,0.00041,0.01146,0.00047,0.00037,0.00054,0.00175,0.00457,0.00058,0.00786,0.00373,0.07739,0.00063,0.08622,0.00065,0.00053,0.22064,0.00041,0.00636,0.00408,0.00044,0.00064,0.0018,0.00126,0.00265,0.01166,0.00057,0.00433,0.03547,0.00356,0.00161,0.00165,0.0183,0.00056,0.00488,0.00107,0.00219,0.01739,0.00025,0.01971,0.00089,0.00307,0.00024,0.01495,0.00753,0.00229,0.00588,0.0258,0.00042,0.10505,0.04736,0.08582,0.75381,0.00795,0,0,0,0,0,0,0
TCGA-CK-6748,0.00031,0.0033,0.00576,0.00891,0.00389,0.00377,0.00042,0.18934,0.0025,0.02262,0.00027,0.00048,0.00162,0.027,0.0117,0.0064,0.00177,0.00028,0.01349,0.00145,0.00044,0.00118,0.00169,0.00526,0.00062,0.00851,0.00303,0.00877,0.00062,0.01943,0.00056,0.00091,0.3931,0.00069,0.00986,0.00319,0.00053,0.00092,0.00052,0.00094,0.00194,0.01278,0.00084,0.00747,0.05928,0.00308,0.00238,0.00243,0.02191,0.0006,0.00634,0.00125,0.00152,0.02624,0.00039,0.02608,0.00119,0.00313,0.00036,0.01731,0.00602,0.00232,0.00871,0.00267,0.00037,0.36368,0.02956,0.28203,0.28531,0.03942,0,0,0,0,0,0,0
TCGA-CM-4747,0,0,0,0.00027,0.00024,0.00026,0,0.00465,0,0,0,0,0,0.00036,0,0,0,0.03834,0.00064,0.60793,0,0,0,0,0,0,0,0.00655,0,0.00059,0,0,0.0856,0,0,0.0021,0,0,0,0,0,0,0,0.00044,0.00305,0,0,0.00055,0,0.00021,0,0,0,0.00339,0,0.00022,0,0,0,0,0,0,0,0,0.00027,1,0,0,0,0,0,0,0,0,0,0,0
TCGA-CM-5348,0.00033,0.0025,0.00522,0.00828,0.0033,0.00415,0.00046,0.15761,0.00226,0.02433,0.00032,0.00038,0.00164,0.00948,0.01178,0.00358,0.00129,0.00031,0.0209,0.00089,0.00026,0.00113,0.00118,0.00599,0.00045,0.00955,0.0021,0.0032,0.00053,0.00716,0.00075,0.00054,0.36282,0.0006,0.00781,0.00207,0.00069,0.00107,0.00029,0.00098,0.00873,0.01305,0.00032,0.00804,0.06514,0.00344,0.00293,0.00217,0.02387,0.00091,0.04094,0.00105,0.00182,0.03196,0.00025,0.02329,0.00091,0.00323,0.00028,0.01718,0.00651,0.00188,0.00728,0.0026,0.00074,0.40573,0.0239,0.19177,0.37405,0,0,0.00455,0,0,0,0,0
TCGA-CM-5861,0.00062,0.00286,0.00769,0.00908,0.0028,0.00472,0.00112,0.25635,0.00264,0.02086,0,0.00084,0.00165,0.02741,0.01167,0.00741,0.00231,0.00238,0.01596,0.00141,0.00065,0.00124,0.00106,0.00386,0.00045,0.00713,0.00273,0.00675,0.00045,0.01424,0.00078,0.00073,0.30772,0.00063,0.0052,0.00301,0.00056,0.0011,0.00044,0.00128,0.00283,0.01444,0.00075,0.00681,0.0674,0.00639,0.00198,0.00245,0.02183,0.00106,0.00554,0.0017,0.00217,0.02816,0.00087,0.02126,0.00133,0.00386,0,0.01393,0.00542,0.00172,0.00617,0.00338,0.00106,0.28248,0.03684,0.19462,0.48607,0,0,0,0,0,0,0,0
TCGA-CM-6164,0.00038,0.00163,0.00425,0.00706,0.0037,0.00355,0.00036,0.16916,0.00222,0.01903,0.00052,0.0003,0.00133,0.01198,0.01076,0.00298,0.0013,0.00035,0.02214,0.00061,0.00056,0.00077,0.00148,0.00332,0.0011,0.00604,0.00191,0.00169,0.00041,0.01377,0.00044,0.00057,0.3929,0.0005,0.00436,0.00117,0.00047,0.00065,0.00036,0.0012,0.003,0.00993,0.00057,0.01599,0.07841,0.00263,0.00201,0.00973,0.01541,0.00116,0.00631,0.00089,0.00146,0.03987,0,0.046,0.00097,0.00222,0.00038,0.01314,0.00473,0.00238,0.00615,0.00181,0.00055,0.41176,0.00903,0.25238,0.3073,0.0105,0,0.00903,0,0,0,0,0
TCGA-CM-6168,0.0005,0.00322,0.00797,0.00962,0.00308,0.00615,0.001,0.25764,0.00383,0.02862,0.00052,0.00099,0.00225,0.00739,0.01441,0.00577,0.00177,0.00044,0.01769,0.00163,0.00026,0.0014,0.00148,0.00712,0.00086,0.00767,0.00341,0.00364,0.00063,0.00907,0.00074,0.00077,0.30104,0.00066,0.00705,0.00131,0.0006,0.00133,0.00029,0.00185,0.0023,0.02388,0.00078,0.00858,0.06314,0.00492,0.00276,0.00374,0.0236,0.00078,0.00257,0.00163,0.00211,0.03507,0.00084,0.03304,0.00071,0.00502,0.0008,0.02075,0.00686,0.00255,0.00869,0.00314,0.00058,0.41519,0.02025,0.3762,0.1757,0,0,0.01266,0,0,0,0,0
TCGA-CM-6676,0.00028,0.00289,0.00652,0.00915,0.00284,0.00517,0.00065,0.19045,0.00318,0.02724,0.00048,0.00053,0.00197,0.00452,0.0126,0.00337,0.00141,0,0.01864,0.00108,0.00038,0.00096,0.00158,0.00706,0.00102,0.01062,0.00265,0.00179,0.00057,0.00357,0.00081,0.00069,0.39442,0.0006,0.00796,0.00155,0.00108,0.00094,0.00052,0.00122,0.00312,0.01594,0.00053,0.00936,0.06809,0.00527,0.00299,0.00239,0.02864,0.00112,0.00685,0.00142,0.0024,0.03476,0.00034,0.02666,0.00102,0.00369,0.00037,0.01818,0.0067,0.00238,0.00826,0.00283,0.00044,0.67542,0.00951,0.14069,0.16164,0.00774,0,0,0,0.005,0,0,0
TCGA-D5-6534,0.00045,0.00341,0.00715,0.00696,0.00288,0.0055,0.00062,0.21776,0.00329,0.03568,0.00039,0.00056,0.00364,0.00253,0.01415,0.00479,0.00231,0.00211,0.01553,0.001,0.00037,0.00174,0.00162,0.00691,0.0011,0.01191,0.00342,0.00063,0.00061,0.00295,0.00096,0.00075,0.28813,0.00066,0.00772,0.00131,0.00067,0.00145,0.00037,0.00124,0.00306,0.01909,0.00042,0.008,0.1043,0.00741,0.00396,0.00281,0.03107,0.0008,0.00968,0.00136,0.00237,0.03148,0.00112,0.02396,0.00122,0.00443,0.00037,0.02689,0.00807,0.0036,0.01116,0.00433,0.0008,0.34828,0.00585,0.25396,0.36827,0.00609,0,0.01024,0,0.00731,0,0,0
TCGA-D5-6535,0.00033,0.00231,0.00521,0.00889,0.00509,0.00382,0.00047,0.16704,0.00256,0.02494,0.00041,0.00038,0.00143,0.00628,0.00961,0.00378,0.00134,0.00023,0.01588,0.00106,0.00063,0.00075,0.00138,0.00563,0.00059,0.00881,0.00209,0.00197,0.00064,0.01141,0.00079,0.00062,0.39639,0.0005,0.00631,0.00168,0.00073,0.00058,0.00037,0.00087,0.00238,0.01187,0.00073,0.00751,0.08727,0.00302,0.00213,0.00176,0.02704,0.00092,0.04248,0.00127,0.00167,0.02857,0.00019,0.02409,0.00091,0.00284,0.00023,0.01511,0.00655,0.00211,0.00607,0.00313,0.00059,0.16968,0.01499,0.14171,0.66219,0.00773,0,0,0,0.00371,0,0,0
TCGA-D5-6536,0.00029,0.00197,0.00498,0.01058,0.00683,0.00396,0.00054,0.16996,0.00213,0.01997,0.00032,0.00076,0.0031,0.00545,0.00882,0.00494,0.00111,0.0008,0.01696,0.00138,0,0.00071,0.00103,0.00466,0.00056,0.00749,0.00194,0.00149,0.00052,0.01209,0.00058,0.00059,0.42219,0.00048,0.0058,0.00192,0.00056,0.00073,0.00158,0.00064,0.00447,0.01148,0.00034,0.00749,0.05783,0.00294,0.00217,0.0019,0.02118,0.00097,0.04161,0.0009,0.00163,0.02904,0.00046,0.02491,0.00094,0.00283,0.00026,0.0149,0.00549,0.00196,0.00624,0.00172,0.00035,0.34528,0.0236,0.24709,0.36946,0.01457,0,0,0,0,0,0,0
TCGA-D5-6539,0.00048,0.00224,0.00646,0.00885,0.00469,0.00361,0.00053,0.19454,0.00262,0.02634,0.00027,0.00047,0.00197,0.01895,0.00992,0.00607,0.00194,0.00025,0.01458,0.00493,0.00062,0.00092,0.00163,0.00701,0.00077,0.00976,0.00239,0.0087,0.00058,0.01836,0.00099,0.00054,0.3497,0.00061,0.00875,0.00249,0.00068,0.00111,0.00058,0.00079,0.00337,0.01472,0.00041,0.00702,0.05407,0.00352,0.00237,0.00203,0.02764,0.00065,0.04165,0.00132,0.00202,0.02965,0.00056,0.02187,0.00098,0.00341,0.00023,0.01747,0.00716,0.00235,0.00793,0.00211,0.00041,0.31386,0.01185,0.22749,0.42224,0.01073,0,0.00706,0,0.00677,0,0,0
TCGA-D5-6923,0.00019,0.0011,0.00198,0.06314,0.0024,0.00199,0.00018,0.15095,0.00133,0.01075,0.00023,0.00021,0.00076,0.09038,0.00681,0.00237,0.00099,0,0.01249,0.00212,0.00023,0.00056,0.00081,0.00249,0.00039,0.0054,0.00117,0.05978,0.00022,0.05118,0.00027,0.00045,0.28563,0.00022,0.00251,0.09912,0.00032,0.00044,0.00018,0.00066,0.00136,0.00599,0.00035,0.00542,0.03969,0.00134,0.00105,0.00161,0.00851,0.00062,0.00181,0.00053,0.0009,0.02105,0,0.01806,0.00048,0.00148,0.00014,0.0082,0.00266,0.00143,0.00363,0.00246,0.0003,0.26269,0.32218,0.19027,0.21023,0.00646,0,0.00817,0,0,0,0,0
TCGA-D5-6926,0.00054,0.00304,0.0072,0.00839,0.00182,0.00577,0.00047,0.17078,0.00413,0.03504,0.00032,0.00041,0.00178,0.08397,0.01351,0.00452,0.00219,0.00127,0.01767,0.00066,0.00019,0.00118,0.00189,0.00683,0.00057,0.01048,0.00359,0.01425,0.00085,0.04605,0.00102,0.00062,0.2654,0.00092,0.00734,0.00193,0.00066,0.001,0.00026,0.0015,0.00365,0.01755,0.00037,0.00918,0.06133,0.00545,0.00261,0.00233,0.02791,0.00096,0.0082,0.00163,0.00247,0.03276,0.00017,0.02789,0.00109,0.00378,0.00049,0.02128,0.00782,0.00306,0.01066,0.00265,0.00067,0.42108,0.02803,0.27118,0.22669,0,0,0,0,0,0,0,0
TCGA-D5-6929,0.0005,0.00344,0.00696,0.00844,0.00179,0.00616,0.00089,0.20264,0.00298,0.03934,0.00055,0.00059,0.00223,0.00632,0.0137,0.0067,0.00213,0.00462,0.02245,0.00154,0,0.00152,0.00187,0.00671,0.00077,0.01239,0.00425,0.00201,0.00093,0.00312,0.00095,0.00092,0.29721,0.0008,0.00963,0.00256,0.00066,0.00141,0.00049,0.00153,0.00523,0.01884,0.00079,0.0108,0.06993,0.00826,0.00333,0.0038,0.03299,0.00154,0.00533,0.0016,0.00264,0.03604,0.0004,0.03885,0.00144,0.00408,0.00047,0.02554,0.00874,0.00262,0.00903,0.0038,0.00064,0.40735,0.03824,0.29412,0.20539,0.02353,0,0.01863,0,0.01275,0,0,0
TCGA-D5-6930,0,0.00337,0.00804,0.00874,0.00225,0.00471,0.00049,0.19347,0.00312,0.03287,0.00045,0.00046,0.00227,0.00603,0.01175,0.00541,0.00239,0.00425,0.01832,0.00097,0.00043,0.00162,0.00153,0.00598,0.00066,0.00988,0.00437,0.00109,0.00074,0.00346,0.00092,0.00064,0.32801,0.00067,0.00705,0.0023,0.00068,0.00116,0.00065,0.0018,0.0023,0.01671,0.00058,0.00955,0.07427,0.00617,0.00358,0.00448,0.02421,0.00108,0.00766,0.00135,0.0028,0.03638,0.00145,0.02755,0.00137,0.00474,0.00048,0.01969,0.00682,0.00298,0.00895,0.00222,0.0006,0.38245,0.19123,0.24225,0.16929,0.01478,0,0,0,0,0,0,0
TCGA-D5-6931,0.00039,0.00219,0.0048,0.00808,0.00211,0.00447,0.00046,0.134,0.00235,0.0185,0.00033,0.00038,0.00103,0.01595,0.01385,0.00496,0.00213,0,0.02339,0.0006,0.00037,0.00082,0.00123,0.00519,0.0007,0.00855,0.00253,0.00605,0.00043,0.04526,0.00074,0.00069,0.40276,0.00056,0.00467,0.00227,0.00039,0.00077,0.00039,0.00141,0.00462,0.01069,0.00071,0.01147,0.08205,0.00268,0.00224,0.00358,0.0184,0.00117,0.00516,0.00097,0.00166,0.0387,0,0.03843,0.00086,0.00336,0,0.01452,0.00536,0.00274,0.00574,0.00218,0.00065,0.40561,0.03291,0.34705,0.1999,0.01452,0,0,0,0,0,0,0
TCGA-DM-A0X9,0.00042,0.00336,0.00919,0.0088,0.00303,0.00582,0.00091,0.19319,0.00312,0.04025,0.0005,0.00061,0.00248,0.00443,0.01226,0.00496,0.00198,0.00111,0.02505,0.00094,0.00057,0.00149,0.00246,0.00829,0.00074,0.0098,0.00338,0.00348,0.00073,0.00247,0.00112,0.00052,0.25822,0.00053,0.01191,0.00146,0.00092,0.00099,0.0005,0.00165,0.00383,0.0192,0.00068,0.01307,0.08442,0.00419,0.00323,0.00307,0.03059,0.00128,0.01885,0.00154,0.00257,0.04629,0.0006,0.04204,0.0009,0.00513,0.00051,0.02226,0.00874,0.00193,0.00855,0.00284,0.0007,0.36655,0.03113,0.39817,0.17037,0.01569,0,0.00869,0,0.00941,0,0,0
TCGA-DM-A1D9,0.00038,0.00315,0.00802,0.00704,0.00503,0.00648,0.00124,0.24488,0.00414,0.04235,0.00048,0.00073,0.00235,0.00312,0.01204,0.00566,0.00196,0.00041,0.0228,0.00099,0.0007,0.00127,0.0019,0.00859,0.00119,0.01197,0.00321,0.00185,0.00086,0.00448,0.00115,0.00053,0.22315,0.00077,0.01463,0.00119,0.001,0.00137,0.0005,0.00166,0.00312,0.02172,0.00072,0.01161,0.08133,0.00593,0.00353,0.00306,0.03491,0.00122,0.01659,0.0017,0.00312,0.04269,0.00106,0.03764,0.00117,0.00518,0.00051,0.02524,0.00855,0.00196,0.00979,0.00374,0.00064,0.10416,0.00964,0.09213,0.7851,0.00414,0,0.00193,0,0.00289,0,0,0
TCGA-DM-A288,0.00045,0.00276,0.0077,0.0072,0.00309,0.00554,0.00062,0.19094,0.00327,0.03101,0.00043,0.00068,0.00246,0.0022,0.01098,0.00377,0.0018,0.00225,0.01593,0.00132,0.00039,0.00135,0.00178,0.00628,0.00083,0.01025,0.00245,0.0005,0.00042,0.00136,0.00079,0.00051,0.39744,0.00053,0.01245,0.00102,0.00087,0.00129,0.00141,0.00119,0.00329,0.02141,0.00066,0.00839,0.05867,0.00394,0.00265,0.00245,0.03084,0.00093,0.00572,0.00172,0.00233,0.03015,0.00037,0.02436,0.00211,0.00414,0.00028,0.02149,0.00613,0.00255,0.00882,0.00248,0.00053,0.37607,0,0.26526,0.33856,0.02012,0,0,0,0,0,0,0
TCGA-DM-A28E,0.00028,0.00215,0.00464,0.00666,0.00378,0.00417,0.00029,0.14886,0.00187,0.01768,0.00027,0.00044,0.00114,0.03299,0.00732,0.00236,0.00159,0.00022,0.01889,0.00077,0.00038,0.00086,0.00096,0.0041,0.00049,0.00638,0.00155,0.05044,0.00046,0.02328,0.00051,0.00038,0.36566,0.0004,0.00613,0.00172,0.00063,0.00063,0.0003,0.00073,0.00177,0.0099,0.0007,0.01012,0.08837,0.00254,0.00158,0.00226,0.01609,0.00101,0.00138,0.00086,0.00162,0.03519,0,0.03281,0.00086,0.00282,0,0.01196,0.00445,0.00537,0.00403,0.01829,0.00322,0.27268,0.2413,0.25006,0.21211,0.00973,0,0.00657,0,0,0,0,0
TCGA-F4-6463,0.00025,0.00231,0.00614,0.00788,0.00463,0.00502,0.0008,0.18404,0.00247,0.02389,0.0004,0.00055,0.0023,0.00391,0.0158,0.00629,0.0011,0.00121,0.015,0.0012,0.00064,0.00092,0.00155,0.00515,0.00082,0.00699,0.00382,0.00087,0.00064,0.00286,0.00075,0.00062,0.40767,0.00069,0.00662,0.00134,0.00065,0.00103,0.00045,0.001,0.00417,0.0131,0.00052,0.00668,0.05206,0.00344,0.00218,0.00214,0.02449,0.00086,0.0428,0.00111,0.00185,0.02738,0.00038,0.02005,0.00082,0.00352,0.00042,0.01525,0.00862,0.00147,0.01041,0.00193,0.00081,0.28664,0.01913,0.22888,0.43069,0.02383,0,0,0,0.01083,0,0,0
TCGA-F4-6807,0.0004,0.00248,0.00518,0.01017,0.0059,0.00437,0.00044,0.18426,0.00228,0.02491,0.00034,0.00026,0.00182,0.03126,0.01201,0.00602,0.00149,0,0.01431,0.0018,0.00044,0.00092,0.00153,0.00574,0.00055,0.00906,0.00259,0.01015,0.00054,0.0255,0.00087,0.00074,0.39444,0.0007,0.00808,0.00346,0.00059,0.00074,0.00127,0.00135,0.00336,0.01287,0.00087,0.00675,0.05763,0.00282,0.0023,0.00222,0.02426,0.0007,0.00201,0.00119,0.00194,0.0262,0.00018,0.02238,0.00112,0.003,0.00029,0.0151,0.00642,0.00271,0.00709,0.00257,0.00049,0.15463,0.02099,0.11997,0.6892,0.01521,0,0,0,0,0,0,0
TCGA-F4-6808,0.00049,0.00314,0.00748,0.00767,0.00671,0.00344,0.00071,0.2047,0.00245,0.02922,0.00047,0.00057,0.00244,0.0043,0.01154,0.00442,0.00172,0.00113,0.0157,0.00394,0.00065,0.00109,0.00125,0.00808,0.00084,0.00879,0.00262,0.00068,0.00051,0.00263,0.00097,0.00057,0.3885,0.00076,0.00614,0.00183,0.00092,0.00108,0.00037,0.00106,0.0023,0.01649,0.00054,0.00825,0.06318,0.00356,0.003,0.00262,0.0267,0.00084,0.00499,0.00123,0.00222,0.03146,0.00079,0.02679,0.00139,0.00392,0.00033,0.02141,0.00658,0.00201,0.00927,0.00237,0.00061,0.0799,0.00161,0.03998,0.87496,0.00168,0,0,0,0.00187,0,0,0
TCGA-F4-6854,0.00026,0.00169,0.00279,0.00733,0.00546,0.00233,0.00039,0.15277,0.00128,0.01397,0.00024,0.00043,0.00142,0.04972,0.00645,0.00275,0.00114,0.00018,0.01744,0.00079,0.00023,0.00038,0.00127,0.00297,0.00044,0.00445,0.00145,0.00377,0.00041,0.00514,0.00046,0.00049,0.49697,0.00034,0.00509,0.00144,0.00029,0.00062,0.0004,0.00075,0.00173,0.00666,0.0007,0.00758,0.06108,0.00165,0.00141,0.00208,0.01234,0.00096,0.00439,0.00073,0.00119,0.03035,0,0.02754,0.00087,0.00171,0.00022,0.01133,0.00408,0.0018,0.0043,0.0012,0.0003,0.36407,0.02135,0.28669,0.28165,0.03054,0,0.00771,0,0.008,0,0,0
TCGA-G4-6293,0.0003,0.00216,0.00655,0.00825,0.00413,0.00383,0.0005,0.17816,0.00269,0.0255,0.00039,0.00054,0.00211,0.00484,0.01109,0.00434,0.00134,0.00037,0.0169,0.0019,0.00072,0.00091,0.00149,0.00676,0.00077,0.00828,0.00221,0.001,0.00058,0.01234,0.00073,0.00047,0.4095,0.00053,0.00698,0.00189,0.00081,0.00075,0.00029,0.00093,0.00396,0.01369,0.00041,0.00701,0.05611,0.00356,0.00239,0.00223,0.02668,0.00099,0.04059,0.00111,0.00188,0.02879,0.0003,0.02345,0.00089,0.00369,0.00032,0.01771,0.0059,0.0013,0.00618,0.00212,0.00034,0.25909,0.00952,0.21552,0.50433,0.01154,0,0,0,0,0,0,0
TCGA-G4-6304,0,0.0028,0.00596,0.0103,0.00193,0.00426,0.00066,0.17998,0.00207,0.01892,0,0.00038,0.00161,0.05578,0.00878,0.00332,0.00158,0.01201,0.02159,0.00095,0,0.00161,0.00108,0.00484,0,0.00591,0.00326,0.0047,0.00051,0.01101,0.0006,0.00057,0.33634,0,0.00507,0.00476,0.00055,0.00067,0.0019,0.00112,0.00364,0.01354,0.00074,0.01042,0.07416,0.00384,0.00253,0.00561,0.01905,0.0012,0.00411,0.00132,0.00246,0.04114,0,0.02918,0.00171,0.00297,0,0.01598,0.00569,0.0027,0.00666,0.00252,0.00174,0.50714,0.04345,0.25179,0.17679,0.02083,0,0,0,0,0,0,0
TCGA-G4-6321,0.00036,0.00223,0.00518,0.00782,0.0051,0.00377,0.00052,0.19492,0.00269,0.02548,0.00022,0.00038,0.00212,0.00279,0.00807,0.00408,0.00129,0.0012,0.01282,0.00202,0.00062,0.001,0.0015,0.0053,0.00074,0.00877,0.00182,0.00056,0.00054,0.00203,0.00095,0.00055,0.39872,0.00058,0.00579,0.00114,0.00081,0.00096,0.0003,0.00058,0.0015,0.01444,0.00022,0.00833,0.05623,0.00291,0.00263,0.00306,0.02294,0.00089,0.04139,0.00089,0.00161,0.02955,0.00089,0.0323,0.00076,0.00321,0.00027,0.01797,0.00656,0.00155,0.00845,0.00182,0.0004,0.19891,0.05053,0.20147,0.53182,0,0,0,0,0.00799,0,0,0
TCGA-NH-A6GB,0,0.0015,0.00316,0.0061,0.00707,0.00351,0.00035,0.30998,0.00184,0.01656,0.00038,0.00028,0.00193,0.00941,0.00672,0.00221,0.00082,0.00129,0.01784,0.00044,0.00078,0.00061,0.00106,0.00386,0.00048,0.00608,0.00122,0.00458,0.00031,0.00247,0.00047,0.00043,0.37651,0.00036,0.0041,0.00087,0.00045,0.00056,0,0.0007,0.00175,0.00765,0.00049,0.00804,0.06166,0.00154,0.00177,0.00264,0.01399,0.00094,0.00129,0.00083,0.00116,0.03166,0,0.02498,0.00055,0.00221,0,0.01038,0.00395,0.00123,0.00276,0.00168,0.00027,0.43796,0.01481,0.29907,0.24815,0,0,0,0,0,0,0,0
TCGA-NH-A8F7,0.00024,0.00128,0.00281,0.00703,0.00574,0.00308,0.00039,0.16061,0.00127,0.01934,0.00026,0.00027,0.00117,0.00259,0.00657,0.00163,0.0007,0,0.02144,0.0006,0.00083,0.00043,0.00121,0.00339,0.00041,0.00434,0.00098,0.00104,0.00045,0.00187,0.00028,0.00026,0.53414,0.0003,0.0029,0.00045,0.0005,0.00055,0,0.00058,0.0041,0.00735,0.0003,0.00835,0.06948,0.00158,0.00145,0.00234,0.01571,0.00094,0.00196,0.00067,0.00094,0.03113,0,0.02947,0.00039,0.00172,0.00023,0.0082,0.00304,0.0011,0.00263,0.00098,0.00019,0.46789,0.01468,0.27028,0.22922,0.01792,0,0,0,0,0,0,0
TCGA-WS-AB45,0.0002,0.00175,0.00354,0.00815,0.0044,0.00229,0.00026,0.17484,0.00124,0.01221,0.00023,0.00017,0.00145,0.00341,0.00617,0.00167,0.00083,0,0.01574,0.00041,0.00029,0.00063,0.00057,0.00266,0.00032,0.00374,0.00152,0.00127,0.00019,0.0017,0.00043,0.00062,0.5374,0.00022,0.00255,0.00084,0.00035,0.00049,0.00121,0.00057,0.00205,0.00647,0.00031,0.00652,0.05856,0.00209,0.00153,0.00492,0.01213,0.0006,0.00268,0.00049,0.0009,0.02905,0.00059,0.02189,0.00044,0.00182,0.00027,0.00967,0.00311,0.00094,0.00437,0.00088,0.00025,0.45678,0.01044,0.32067,0.19332,0.01879,0,0,0,0,0,0,0
TCGA-AF-2690,0.00047,0.00242,0.00549,0.00818,0.0031,0.00409,0.00055,0.18948,0.00343,0.02396,0.00028,0.00046,0.00297,0.01005,0.01145,0.00408,0.0011,0.00617,0.01213,0.00257,0.00035,0.00083,0.00163,0.00515,0.00078,0.00609,0.00204,0.00381,0.00047,0.00696,0.0007,0.00058,0.44877,0.00057,0.00473,0.00193,0.00046,0.00097,0,0.00102,0.0011,0.01326,0.00048,0.00641,0.05087,0.00572,0.00188,0.00211,0.02011,0.00088,0.00443,0.00099,0.0015,0.0253,0.00018,0.02058,0.00086,0.00356,0.00025,0.0182,0.00567,0.00245,0.00788,0.00162,0.00045,0.33852,0.01827,0.2293,0.33307,0.01477,0,0,0,0,0,0,0
TCGA-AF-3400,0,0,0,0.00673,0,0,0,0,0,0,0,0,0,0.11224,0,0,0,0.00318,0.0009,0.42504,0,0,0,0,0,0,0,0.11605,0,0.12655,0,0,0.10582,0,0,0.00292,0,0,0,0,0.00059,0,0,0.00054,0.00526,0,0,0,0,0,0,0,0,0.00203,0,0.00069,0,0,0,0,0,0,0,0.00131,0,0.24887,0.75113,0,0,0,0,0,0,0,0,0,0
TCGA-AF-6655,0,0.00178,0.00448,0.00674,0.00316,0.00391,0.00042,0.18475,0.00209,0.01959,0.00031,0.00033,0.00163,0.00216,0.00891,0.00238,0.00122,0.00657,0.01642,0.00128,0.00023,0.00076,0.00108,0.00426,0.00052,0.0055,0.0023,0.00049,0.00056,0.00152,0.00051,0.00032,0.49818,0.00054,0.00495,0.00157,0.00069,0.00045,0.00248,0.00096,0.00316,0.01121,0.00044,0.00722,0.05595,0.00311,0.00179,0.002,0.019,0.00099,0.00534,0.001,0.00121,0.02926,0,0.02397,0.00066,0.00271,0.00031,0.013,0.00499,0.00139,0.00479,0.00158,0.00051,0.46065,0,0.29925,0.20852,0.03158,0,0,0,0,0,0,0
TCGA-AG-3575,0,0,0,0.00067,0,0,0,0.01098,0,0,0,0,0,0.00265,0,0,0,0.01303,0.0021,0.6652,0,0,0,0,0,0,0,0.0636,0,0.00195,0,0,0.17523,0,0,0.00249,0,0,0,0,0.00108,0,0,0.00329,0.01175,0,0,0,0,0.00064,0.0008,0,0,0.00524,0,0.00105,0,0,0,0,0,0,0,0.00071,0,0.93223,0.06777,0,0,0,0,0,0,0,0,0,0
TCGA-AG-3586,0,0,0,0.02468,0,0,0,0.04069,0,0,0,0,0,0.02783,0,0,0,0.0059,0.00199,0.42658,0,0,0,0,0,0,0,0.09571,0,0.01658,0,0,0.25464,0,0,0.03712,0,0,0,0,0.00095,0,0,0.00113,0.01186,0,0,0,0,0,0,0,0,0.00407,0,0.00127,0,0,0,0,0,0,0,0.01349,0,0.14341,0.85659,0,0,0,0,0,0,0,0,0,0
TCGA-AG-3587,0,0,0,0,0,0,0,0.05418,0,0,0,0,0,0,0,0,0,0.00576,0.00571,0.49255,0,0,0,0,0,0,0,0.00103,0,0,0,0,0.39627,0,0,0.00229,0,0,0,0,0.00392,0,0,0.00244,0.01765,0,0,0,0,0,0,0,0,0.007,0,0.00263,0,0,0,0,0,0,0.00143,0.00094,0,0.67545,0.32455,0,0,0,0,0,0,0,0,0,0
TCGA-AG-3594,0,0,0,0.0018,0,0,0,0,0,0,0,0,0,0.00138,0,0,0,0.00727,0.00426,0.46689,0,0,0,0,0,0,0,0.03656,0,0.00205,0,0,0.37988,0,0,0.00145,0,0,0,0,0.00189,0,0,0.00152,0.02271,0,0,0,0,0,0,0,0,0.00837,0,0.0022,0,0,0,0,0,0,0,0,0,1,0,0,0,0,0,0,0,0,0,0,0
TCGA-AG-3609,0,0,0,0.00214,0,0,0,0.03259,0,0,0,0,0,0.00311,0,0,0,0.0163,0.00322,0.55627,0,0,0,0,0,0,0,0.00127,0,0.00277,0,0,0.29915,0,0,0.00909,0,0,0,0,0.00269,0,0,0.00468,0.02643,0,0,0,0,0,0,0,0,0.01175,0,0.00435,0,0,0,0,0,0,0,0,0,1,0,0,0,0,0,0,0,0,0,0,0
TCGA-AG-3726,0,0,0,0.17396,0,0,0,0,0,0,0,0,0,0.12754,0.0007,0,0.00026,0.00163,0.00082,0.1168,0,0,0.00138,0,0,0,0,0.22785,0,0.22596,0,0,0.04479,0,0,0.0196,0,0,0,0,0,0.00219,0,0,0.00415,0.0002,0,0,0,0,0,0,0.0002,0.00075,0,0.00023,0.00024,0,0,0,0,0,0.00017,0.01834,0,0.01817,0.98183,0,0,0,0,0,0,0,0,0,0
TCGA-AG-3728,0,0,0,0.14556,0,0,0,0.10074,0,0,0,0,0,0.15467,0,0,0,0.00694,0.00488,0.03099,0,0,0.00172,0,0,0,0,0.12364,0,0.15,0,0,0.15045,0,0,0.00167,0,0,0,0,0.00092,0,0,0.00189,0.03792,0,0,0,0,0,0,0,0,0.0159,0.00116,0.0032,0,0,0,0,0,0,0,0.04071,0,0.21363,0.78637,0,0,0,0,0,0,0,0,0,0
TCGA-AG-3732,0.00045,0.00242,0.00658,0.00737,0.00642,0.00508,0.00068,0.18039,0.00282,0.02875,0.00033,0.00071,0.00195,0.00196,0.01288,0.00353,0.00116,0.00113,0.02242,0.00092,0.00076,0.001,0.00141,0.00631,0.00067,0.00728,0.00245,0.00058,0.00063,0.00122,0.00088,0.00057,0.3994,0.00069,0.0072,0.00119,0.00074,0.00109,0.00034,0.00115,0.00464,0.01535,0.00094,0.01,0.07727,0.00401,0.00238,0.00308,0.02402,0.00106,0.00558,0.00143,0.00214,0.03723,0.00039,0.03227,0.00097,0.00405,0.00039,0.01738,0.00676,0.00177,0.00634,0.00254,0.00034,0.3867,0.00646,0.28906,0.30701,0.01077,0,0,0,0,0,0,0
TCGA-AG-3878,0,0,0.00098,0.0234,0,0,0,0.08459,0,0,0,0,0,0.10963,0,0,0.00042,0.00375,0.00205,0.09153,0,0,0,0,0,0,0,0.2672,0,0.17976,0,0,0.1585,0,0,0.00215,0,0,0,0,0,0,0,0.00162,0.00742,0,0,0.00307,0,0,0,0,0,0.00357,0,0.00172,0.00049,0,0,0,0,0,0,0.01181,0,0.09178,0.90822,0,0,0,0,0,0,0,0,0,0
TCGA-AG-3882,0,0,0,0,0,0,0,0.16661,0,0,0,0,0,0.02211,0,0,0,0.00663,0.00357,0.13871,0,0,0,0,0,0,0,0.31679,0,0.00243,0,0,0.2613,0,0,0.00143,0,0,0,0,0,0,0,0.00178,0.01289,0,0,0.00248,0,0,0.00556,0,0,0.00512,0,0.00184,0,0,0,0,0,0,0,0.0111,0,0.17563,0.82437,0,0,0,0,0,0,0,0,0,0
TCGA-AG-3885,0,0,0,0,0,0,0,0.06658,0,0,0,0,0,0.04084,0,0,0,0.00557,0.00173,0.09098,0,0,0,0,0,0,0,0.1654,0,0.10276,0,0,0.21807,0,0,0.00311,0,0,0,0,0,0,0,0,0.01214,0,0,0.0016,0,0,0,0,0,0.00493,0,0.0009,0,0,0,0,0,0,0,0.00934,0,0.1639,0.8361,0,0,0,0,0,0,0,0,0,0
TCGA-AG-A02G,0,0,0,0.00169,0,0,0,0.0193,0,0,0,0,0,0,0,0,0,0.01411,0.00791,0.5347,0,0,0,0,0,0,0,0,0,0.00142,0,0,0.35933,0,0,0,0,0,0,0,0.00528,0,0,0.00387,0.03078,0,0,0.0021,0,0,0,0,0,0.01356,0,0.00335,0,0,0,0,0,0,0,0,0,0.85436,0.14564,0,0,0,0,0,0,0,0,0,0
TCGA-AH-6547,0.00025,0.00152,0.00416,0.00607,0.00552,0.00301,0.00057,0.21313,0.00183,0.01898,0,0.0004,0.00221,0.00121,0.00855,0.00245,0.00083,0.00947,0.01299,0.00143,0.00074,0.00072,0.00096,0.00389,0.00135,0.00558,0.0016,0.0008,0.00047,0.00072,0.00057,0.00036,0.4479,0.00049,0.00495,0.00132,0.00052,0.00086,0,0.00061,0.00172,0.00932,0.00032,0.01012,0.05604,0.00298,0.00147,0.00336,0.01845,0.00066,0.00366,0.00097,0.00095,0.02728,0.00028,0.02307,0.00041,0.00239,0,0.01091,0.00463,0.00126,0.00446,0.0013,0.00061,0.42004,0,0.27335,0.30661,0,0,0,0,0,0,0,0
TCGA-DC-6156,0.00063,0.00236,0.00557,0.00911,0.00525,0.00477,0.00053,0.18935,0.00315,0.02713,0.00048,0.00059,0.00139,0.00448,0.014,0.0044,0.00169,0.00185,0.02442,0.00074,0.00039,0.00105,0.00184,0.00549,0.0009,0.00847,0.00249,0.00084,0.0005,0.0049,0.00082,0.00064,0.3863,0.00068,0.00742,0.00289,0.00067,0.00103,0.00051,0.00128,0.0089,0.01571,0.00067,0.01025,0.07053,0.00644,0.0025,0.00305,0.0216,0.00134,0.00201,0.00097,0.00192,0.03607,0.00021,0.03291,0.00098,0.00386,0.00049,0.01877,0.00617,0.0023,0.00722,0.00222,0.00044,0.3537,0.01036,0.29511,0.32976,0,0,0.01108,0,0,0,0,0
TCGA-F5-6571,0.00036,0.00174,0.00504,0.00811,0.02369,0.00374,0.00044,0.16943,0.00199,0.0188,0.00043,0.00037,0.00211,0.04994,0.01078,0.00388,0.00141,0.00023,0.0136,0.00108,0.00098,0.00064,0.00119,0.00482,0.00058,0.00739,0.00206,0.02494,0.00044,0.01642,0.00053,0.00049,0.42323,0.00036,0.00435,0.00096,0.00047,0.00088,0.00029,0.00108,0.00174,0.01068,0.00058,0.00659,0.04731,0.00309,0.00187,0.00179,0.01775,0.00072,0.00465,0.00114,0.00166,0.02461,0.00033,0.02134,0.00093,0.0029,0.0003,0.01343,0.00482,0.00191,0.00538,0.00185,0.0005,0.10024,0.00535,0.0672,0.82206,0.00514,0,0,0,0,0,0,0
TCGA-3M-AB46,0.00007,0.00091,0.00181,0.00378,0.00129,0.00169,0.00083,0.0249,0.00098,0.00717,0.00008,0.00106,0.00042,0.00302,0.00243,0.00231,0.00033,0.00037,0.00064,0.00959,0.00013,0.00032,0.00024,0.00268,0.00012,0.00307,0.00082,0.00643,0.0001,0.00894,0.00018,0.00016,0.0227,0.00018,0.00297,0.00014,0.00004,0.00072,0.00002,0.00024,0.00278,0.0071,0.00003,0.00021,0.00302,0.00078,0.00075,0.10171,0.00561,0.0001,0.00149,0.00026,0.00065,0.00188,0.00086,0.00056,0.00015,0.00189,0.00009,0.00552,0.00313,0.00072,0.00115,0.00141,0.00008,0.22305,0.45386,0.06359,0.25592,0,0,0,0,0,0,0,0
TCGA-BR-4257,0.00048,0.00246,0.00432,0.00966,0.0562,0.00561,0.00125,0.07046,0.00188,0.00869,0,0.00173,0.00215,0.05342,0.00934,0.00825,0.00128,0.01053,0.00825,0.00212,0.00279,0.00079,0.0009,0.00364,0.00038,0.02439,0.00215,0.1521,0,0.16179,0.0004,0.00695,0.10474,0,0.00318,0.01102,0,0.00085,0,0.001,0.00464,0.0131,0.00265,0.00167,0.06079,0.00104,0.00199,0.00276,0.0092,0.0007,0.00636,0.0005,0.00311,0.01294,0.00173,0.00614,0.00218,0.00283,0.0004,0.00783,0.0043,0.01021,0.00775,0.00392,0.00074,0.25869,0.16775,0.04433,0.39702,0.01452,0.04356,0,0.07413,0,0,0,0
TCGA-BR-4294,0.0002,0.00213,0.00374,0.02707,0.02948,0.00373,0.00071,0.16201,0.00167,0.01263,0.00046,0.00041,0.00032,0.06402,0.01283,0.01124,0.00222,0.00719,0.00673,0.02662,0.00118,0.00068,0.00197,0.00938,0.00045,0.00665,0.00206,0.06917,0.00028,0.12299,0.00026,0.00034,0.15021,0.00048,0.00568,0.01029,0,0.00073,0.00221,0.00047,0.00189,0.01791,0.00135,0.00227,0.03884,0.00178,0.00159,0.00217,0.01688,0.00039,0.00396,0.00048,0.0024,0.00943,0.00053,0.00577,0.00114,0.00232,0,0.012,0.00592,0.04995,0.00302,0.00571,0.0004,0.1372,0.23306,0.03553,0.43477,0.01559,0.01006,0,0.13063,0,0,0,0
TCGA-BR-4366,0.00059,0.00573,0.01074,0.00754,0.02348,0.00856,0.00495,0.22542,0.00426,0.0371,0.00068,0.00262,0.00229,0.00566,0.01179,0.01362,0.00193,0.00041,0.02085,0.00673,0.00056,0.0015,0.00164,0.01328,0.0006,0.01344,0.00436,0.00293,0.00086,0.00239,0.00083,0.00081,0.15947,0.00078,0.0113,0.00124,0.00068,0.00329,0.00042,0.00143,0.01727,0.04147,0.00077,0.00565,0.05549,0.00397,0.00484,0.00222,0.03711,0.00096,0.00451,0.00127,0.00457,0.02537,0.00469,0.01709,0.00187,0.00946,0.001,0.02624,0.01223,0.00285,0.00684,0.00516,0.00048,0.4702,0.02544,0.12642,0.10341,0.00804,0.00353,0.00319,0.02211,0.00201,0,0,0
TCGA-BR-6457,0.00001,0.00012,0.00023,0.18336,0.00004,0.00018,0.00007,0.00074,0.00007,0.00096,0.00001,0.00008,0.00001,0.19473,0.00564,0.00098,0.00029,0.00014,0.00008,0.00047,0,0.00009,0.00025,0.00139,0.00008,0.00415,0.00024,0.06497,0.00001,0.22798,0.00003,0.00007,0.00581,0.00004,0.00033,0.0962,0,0.00006,0,0.00003,0.00005,0.00961,0.00003,0.00001,0.00079,0.00023,0.00017,0.00003,0.00129,0.00001,0.00012,0.00003,0.00017,0.00033,0.00008,0.00003,0.00021,0.00017,0.00001,0.00142,0.00079,0.06615,0.00026,0.0022,0.00008,0.00815,0.63069,0.00033,0.00261,0,0.35207,0,0.00295,0,0,0.00249,0
TCGA-BR-6563,0.00054,0.00302,0.00608,0.07864,0.00246,0.00579,0.00313,0.07018,0.00249,0.034,0.00021,0.00341,0.0004,0.05384,0.01105,0.01982,0.00197,0.00083,0.00179,0.00265,0.00018,0.00109,0.00105,0.01106,0.00148,0.01853,0.0039,0.09024,0.00046,0.24011,0.0008,0.00038,0.04002,0.00072,0.0122,0.02285,0.00008,0.00214,0.00008,0.00084,0.0022,0.02902,0.00015,0.00034,0.00997,0.0034,0.00287,0.00062,0.01977,0.00012,0.00423,0.0009,0.00252,0.00179,0.00396,0.00086,0.00052,0.00803,0.00034,0.02131,0.00821,0.02192,0.0044,0.01056,0.00015,0.13166,0.78967,0.01591,0.05701,0,0.00316,0,0,0,0,0,0
TCGA-BR-6803,0.00003,0.00032,0.00074,0.15132,0.00032,0.00049,0.00046,0.0031,0.00026,0.00256,0.00003,0.00049,0.00003,0.19042,0.00542,0.00286,0.00025,0.00008,0.00012,0.00082,0.00001,0.00022,0.00033,0.00242,0.00009,0.00519,0.00064,0.06817,0.00024,0.25814,0.00008,0.00014,0.00434,0.00007,0.00107,0.10547,0.00001,0.00021,0.00001,0.00011,0.00017,0.00838,0.00003,0.00002,0.00078,0.00054,0.0004,0.00001,0.00282,0.00001,0.00041,0.00009,0.00035,0.00089,0.00053,0.00006,0.00011,0.00093,0.00004,0.00301,0.00183,0.06914,0.00047,0.00221,0.0001,0.00494,0.27833,0.00075,0.00729,0,0.70475,0,0.0028,0,0,0.00092,0
TCGA-BR-7722,0.00007,0.0006,0.00129,0.02107,0.00252,0.00128,0.00045,0.06164,0.00064,0.00534,0.00006,0.00057,0.00041,0.02904,0.00443,0.00435,0.00047,0.00123,0.00144,0.0005,0.00008,0.00026,0.00042,0.00284,0.00014,0.00695,0.00075,0.04944,0.00011,0.12615,0.00015,0.00033,0.02349,0.00012,0.00227,0.00917,0.00003,0.00041,0.00004,0.00022,0.00061,0.00918,0.00006,0.00036,0.00459,0.00066,0.00069,0.00054,0.00583,0.01386,0.002,0.00022,0.00049,0.00281,0.00055,0.0011,0.00018,0.00143,0.00009,0.00545,0.00278,0.04466,0.00102,0.00251,0.00015,0.10131,0.47496,0.0286,0.07,0,0.22404,0,0.09782,0,0.00177,0,0.00151
TCGA-BR-8291,0.00007,0.00043,0.00124,0.00684,0.00528,0.00134,0.00042,0.09937,0.00049,0.00493,0.00008,0.00041,0.00227,0.00963,0.00247,0.01969,0.00117,0.00154,0.00224,0.00142,0.00024,0.0002,0.00025,0.00158,0.00009,0.00479,0.00042,0.0279,0.0001,0.12064,0.00013,0.00091,0.04172,0.00012,0.00221,0.00968,0.00004,0.00046,0.00007,0.00024,0.00127,0.01083,0.00007,0.00056,0.00701,0.00072,0.00056,0.00037,0.00441,0.01351,0.0025,0.00021,0.00041,0.00426,0.0005,0.00183,0.00016,0.00108,0.00007,0.00514,0.00279,0.01921,0.0012,0.00317,0.00028,0.14261,0.46449,0.05198,0.13576,0,0.08204,0,0.12311,0,0,0,0
TCGA-BR-8364,0.00002,0.00027,0.0005,0.04756,0.00169,0.00045,0.00023,0.04001,0.00019,0.00178,0.00003,0.00022,0.00007,0.03113,0.00239,0.00467,0.00029,0.00089,0.00087,0.00038,0.00007,0.00011,0.00018,0.00137,0.00005,0.0049,0.00027,0.05421,0.00004,0.17187,0.00006,0.00036,0.02136,0.00005,0.00091,0.13185,0,0.00024,0,0.00011,0.00051,0.0088,0.00003,0.00015,0.00267,0.00031,0.00026,0.0002,0.00199,0.00578,0.00114,0.00009,0.00023,0.01061,0.00025,0.00048,0.00011,0.00054,0.00004,0.0029,0.00175,0.12482,0.00055,0.00188,0.00016,0.01794,0.19244,0.0059,0.02209,0,0.73879,0,0.0212,0,0,0.00051,0.00047
TCGA-BR-8365,0.00008,0.0005,0.00116,0.02741,0.00322,0.00124,0.00057,0.07697,0.00052,0.00498,0.00006,0.00068,0.00068,0.01029,0.00323,0.00873,0.00069,0.00464,0.00156,0.00116,0.00014,0.00022,0.00025,0.00212,0.00011,0.00655,0.00053,0.02211,0.00009,0.10592,0.00016,0.00059,0.01748,0.00013,0.0026,0.00325,0.00004,0.00065,0.00005,0.00023,0.00065,0.00977,0.00008,0.00041,0.00554,0.00061,0.00066,0.00039,0.00495,0.01442,0.00268,0.00023,0.00046,0.0029,0.00063,0.00125,0.00027,0.00158,0.00015,0.00453,0.00283,0.04841,0.00125,0.00116,0.00027,0.10292,0.37554,0.04345,0.09281,0,0.28354,0,0.097,0,0.00255,0,0.00219
TCGA-BR-8371,0.00011,0.00085,0.00181,0.03771,0.00243,0.0022,0.00071,0.07235,0.00092,0.00935,0.00013,0.00074,0.00031,0.04528,0.00499,0.00595,0.00067,0.00084,0.00151,0.00156,0.00008,0.00035,0.00058,0.00377,0.00014,0.00832,0.0009,0.03935,0.00014,0.12176,0.00027,0.00044,0.02245,0.00027,0.00438,0.00802,0.00002,0.00094,0.00005,0.00035,0.00063,0.01137,0.00006,0.00039,0.00384,0.00115,0.00101,0.00036,0.00812,0.01151,0.00225,0.00034,0.00067,0.00199,0.01541,0.00112,0.00027,0.00228,0.00013,0.00606,0.00347,0.05807,0.0015,0.00245,0.00015,0.08198,0.56091,0.04259,0.16105,0,0.06094,0,0.0895,0,0.0014,0,0.00163
TCGA-BR-8373,0.00002,0.00025,0.00048,0.08784,0.00072,0.00057,0.00017,0.05579,0.00022,0.00193,0.00004,0.00019,0.00016,0.13302,0.01183,0.00342,0.00046,0.00014,0.00197,0.00034,0.00006,0.00023,0.00032,0.00264,0.00009,0.00807,0.00074,0.07221,0.00004,0.22929,0.00004,0.00026,0.04127,0.00008,0.00084,0.02007,0.00002,0.00015,0,0.00014,0.00241,0.01047,0.00006,0.00026,0.00583,0.00032,0.00032,0.00021,0.00261,0.00111,0.00083,0.0001,0.00029,0.00178,0.01529,0.00096,0.00016,0.00047,0.00003,0.00434,0.00294,0.13475,0.0006,0.00281,0.00022,0.0497,0.3668,0.01151,0.01452,0,0.55452,0,0.00296,0,0,0,0
TCGA-BR-8384,0.00014,0.00147,0.00231,0.08825,0.00766,0.00234,0.00162,0.14858,0.00147,0.0083,0.00013,0.0017,0.00035,0.04762,0.00718,0.0133,0.00075,0.00089,0.0028,0.00647,0.00075,0.00047,0.0006,0.0041,0.00019,0.01494,0.00136,0.08169,0.00015,0.19784,0.00027,0.00097,0.05693,0.00024,0.00457,0.01767,0.00005,0.00109,0.00013,0.00061,0.00109,0.02038,0.00021,0.00069,0.00813,0.00099,0.00141,0.00075,0.00999,0.00041,0.00206,0.00047,0.00096,0.00355,0.00195,0.00205,0.00037,0.00298,0.00024,0.01148,0.00718,0.09743,0.00316,0.00342,0.00029,0.05393,0.32529,0.03246,0.28904,0,0.28947,0,0,0,0,0,0
TCGA-BR-8592,0.00042,0.00498,0.00759,0.02657,0.00935,0.00801,0.00861,0.2856,0.00534,0.03188,0.00041,0.00872,0.0014,0.01974,0.00958,0.01599,0.00104,0.00112,0.00316,0.00396,0.00134,0.00103,0.00102,0.01131,0.00038,0.0245,0.00464,0.02317,0.00049,0.04833,0.00085,0.00205,0.03362,0.00063,0,0.00316,0.00013,0.00612,0.00024,0.00164,0,0.03598,0.00036,0,0.01174,0.00342,0.00535,0.00051,0,0.00042,0.00788,0.00129,0.00327,0.0051,0.01049,0.00276,0.00094,0.01582,0.00065,0.02909,0.01197,0.01565,0.00831,0.006,0.0003,0.08123,0.15447,0.06194,0.63308,0.00432,0.03715,0,0,0,0,0,0
TCGA-BR-8682,0.00026,0.00295,0.00486,0.0673,0.0186,0.0048,0.00365,0.197,0.00237,0.01607,0.00031,0.00422,0.00075,0.08886,0.00952,0.01533,0.00099,0.00026,0.00325,0.00234,0.00151,0.00071,0.00088,0.00816,0.00026,0.01777,0.00348,0.05087,0.00035,0.1308,0.00049,0.00121,0.04297,0.00045,0.00895,0.01848,0.0001,0.00284,0.00035,0.00105,0.00186,0.02262,0.00041,0.00091,0.01489,0.00196,0.00301,0.0005,0.01727,0.00051,0.00428,0.00088,0.00224,0.0052,0.00473,0.00273,0.00081,0.00721,0.00044,0.01939,0.00885,0.03047,0.00511,0.00542,0.00035,0.05999,0.23294,0.0368,0.60552,0.00283,0.0418,0,0,0,0,0,0
TCGA-BR-8686,0.00024,0.00223,0.00456,0.09534,0.00267,0.0045,0.00243,0.15362,0.00199,0.02063,0.00022,0.00279,0.00179,0.05784,0.00693,0.01462,0.00103,0.00019,0.00137,0.00282,0.00015,0.00068,0.00088,0.01082,0.00026,0.01584,0.00249,0.04591,0.00038,0.14345,0.0005,0.00041,0.03442,0.00052,0.01052,0.03202,0.00039,0.00329,0.00009,0.00069,0.00124,0.02744,0.00012,0.00043,0.00552,0.00256,0.00254,0.00028,0.02196,0.0002,0.00342,0.00071,0.00156,0.00277,0.00318,0.00148,0.00048,0.00657,0.00025,0.01579,0.00815,0.0642,0.00338,0.00476,0.00021,0.04576,0.49264,0.0509,0.23524,0.00132,0.13898,0,0,0,0,0,0
TCGA-BR-A4IV,0.00016,0.00153,0.00336,0.04332,0.00372,0.00367,0.00102,0.09342,0.00164,0.01487,0.00014,0.00115,0.00067,0.01261,0.00669,0.05375,0.00303,0.00067,0.00142,0.0019,0.00005,0.00047,0.00066,0.00697,0.00023,0.01054,0.00144,0.03608,0.00021,0.15763,0.00032,0.00062,0.04048,0.0003,0.00623,0.03422,0.00008,0.00152,0.00004,0.00031,0.00215,0.01906,0.00008,0.00043,0.00549,0.00239,0.00129,0.00016,0.01134,0.00012,0.00201,0.00038,0.00101,0.00252,0.00119,0.00121,0.00032,0.0032,0.00013,0.01148,0.00652,0.20687,0.00244,0.00687,0.00046,0.13164,0.57046,0.04403,0.07887,0,0.17183,0,0,0,0.00317,0,0
TCGA-BR-A4J7,0.00027,0.00222,0.00494,0.01997,0.00384,0.00661,0.0014,0.20074,0.0022,0.02446,0.00025,0.0016,0.00091,0.02311,0.00885,0.01905,0.00232,0.00063,0.00574,0.00096,0.00013,0.00076,0.00102,0.00749,0.00038,0.01098,0.00222,0.05465,0.00031,0.17921,0.00055,0.00069,0.05315,0.00047,0.00777,0.0057,0.00009,0.00144,0.00013,0.00063,0.00354,0.0254,0.0001,0.00151,0.01683,0.00277,0.00198,0.00049,0.01684,0.00073,0.003,0.00071,0.00162,0.00774,0.00137,0.00488,0.00049,0.00415,0.00027,0.01507,0.00778,0.10246,0.00345,0.00936,0.00046,0.17575,0.39033,0.07093,0.10515,0,0.25784,0,0,0,0,0,0
TCGA-BR-A4J9,0.00046,0.00365,0.00709,0.04124,0.00987,0.00818,0.00182,0.24386,0.00298,0.0339,0.00031,0.00211,0.00091,0.01505,0.00859,0.02161,0.00177,0.00123,0.0025,0.00202,0.00034,0.00098,0.00116,0.00912,0.00036,0.01557,0.00272,0.02831,0.0004,0.10974,0.00095,0.0017,0.02894,0.00073,0.01989,0.00588,0.00007,0.00313,0.00014,0.00107,0.00363,0.03269,0.00018,0.00068,0.01003,0.00369,0.00231,0.0003,0.02039,0.00034,0.00636,0.00105,0.00194,0.02177,0.00216,0.0018,0.00079,0.00804,0.00037,0.02051,0.01273,0.05431,0.00665,0.00606,0.00036,0.14908,0.51944,0.0479,0.25781,0,0.02161,0,0,0,0.00417,0,0
TCGA-CD-5813,0.00002,0.00017,0.00039,0.14048,0.00014,0.00024,0.00016,0.0048,0.00013,0.00121,0.00001,0.00014,0.00002,0.13588,0.00586,0.00201,0.00021,0.00028,0.00016,0.00192,0.00001,0.00019,0.00026,0.00171,0.00014,0.00427,0.00034,0.08043,0.00002,0.22548,0.00004,0.00012,0.00508,0.00007,0.00054,0.09999,0,0.00013,0.00001,0.00006,0.00014,0.00887,0.00005,0.00003,0.00092,0.00058,0.00018,0.00016,0.00146,0.00004,0.00021,0.00004,0.00022,0.00206,0.0002,0.00009,0.00013,0.00037,0.00002,0.00171,0.00164,0.12109,0.00033,0.00263,0.00022,0.00576,0.24525,0.00123,0.00523,0,0.72801,0,0.01037,0,0.00039,0.00257,0
TCGA-CD-8528,0.00001,0.0001,0.00022,0.1607,0.00021,0.00012,0.00005,0.01329,0.00006,0.00048,0.00001,0.00007,0.00002,0.10383,0.00534,0.00109,0.00017,0.00003,0.00027,0.00053,0.00001,0.00008,0.00015,0.00147,0.00004,0.00459,0.00024,0.08941,0.00001,0.18588,0.00002,0.00013,0.01393,0.00001,0.00019,0.14867,0,0.00005,0.00001,0.00003,0.00013,0.01179,0.00003,0.00008,0.00205,0.00015,0.00015,0.00002,0.00085,0.00045,0.00019,0.00003,0.00011,0.00058,0.0001,0.00034,0.00004,0.00013,0.00001,0.00191,0.00107,0.12244,0.00018,0.00128,0.0001,0.00439,0.11122,0.00148,0.00581,0,0.8761,0,0.00063,0,0,0.00024,0
TCGA-CD-8535,0.00002,0.00021,0.00047,0.10522,0.00066,0.00037,0.00011,0.02247,0.00017,0.00166,0.00002,0.00012,0.00016,0.08202,0.00424,0.002,0.00026,0.00015,0.00061,0.00023,0.00002,0.00013,0.00026,0.00231,0.00007,0.00419,0.00039,0.05668,0.00005,0.18794,0.00004,0.0001,0.02198,0.00004,0.0007,0.16469,0.00002,0.00018,0.00001,0.00007,0.00045,0.01018,0.00002,0.0001,0.00132,0.00031,0.00028,0.00006,0.00273,0.00204,0.00034,0.00008,0.00019,0.00091,0.00013,0.00036,0.00006,0.00038,0.00003,0.00306,0.00176,0.1379,0.00028,0.00155,0.00013,0.01315,0.17126,0.00472,0.00641,0,0.79717,0,0.00656,0,0.00022,0.00027,0
TCGA-CG-4304,0.00044,0.00437,0.00903,0.01901,0.0357,0.00749,0.00238,0.21285,0.00344,0.0369,0.00058,0.00121,0.0024,0.03408,0.01103,0.01055,0.00197,0.00128,0.01526,0.00554,0.00152,0.00133,0.00175,0.01247,0.00062,0.01436,0.00337,0.04071,0.00081,0.02979,0.00102,0.00058,0.14956,0.00073,0.00879,0.00233,0.00138,0.00211,0.0003,0.00105,0.00346,0.03174,0.0003,0.00668,0.05914,0.00414,0.0042,0.00282,0.04159,0.00079,0.00494,0.00118,0.00401,0.03131,0.00214,0.02019,0.00095,0.00646,0.00045,0.02666,0.01111,0.01062,0.00526,0.00575,0.00034,0.32616,0.23936,0.15483,0.25471,0.00208,0.0033,0.00159,0.01571,0,0,0,0
TCGA-CG-4443,0.00042,0.00307,0.0081,0.01186,0.03679,0.00817,0.00126,0.16213,0.00349,0.03176,0.00046,0.0009,0.00192,0.03275,0.01245,0.00747,0.00189,0.0011,0.02069,0.0048,0.00097,0.00124,0.0013,0.01012,0.00068,0.01702,0.00305,0.04256,0.00069,0.03234,0.00081,0.00048,0.20549,0.00067,0.00839,0.00463,0.00128,0.00149,0.00057,0.00101,0.00455,0.02334,0.00033,0.00869,0.0849,0.00346,0.00383,0.00277,0.03726,0.0008,0.00398,0.00108,0.00309,0.04097,0.00105,0.0254,0.00122,0.0048,0.0004,0.02273,0.00919,0.00315,0.00467,0.00512,0.00044,0.12692,0.09493,0.05066,0.72009,0.00129,0.00113,0.00105,0.00392,0,0,0,0
TCGA-CG-4462,0.00026,0.00292,0.00507,0.00835,0.03099,0.00701,0.00149,0.17213,0.00187,0.01687,0.00038,0.00091,0.00091,0.03811,0.01121,0.06276,0.00361,0.00171,0.01325,0.00623,0.00114,0.00077,0.00104,0.00569,0.00042,0.01133,0.00231,0.07477,0.00043,0.07929,0.00038,0.00083,0.14566,0.00048,0.00578,0.02128,0.00017,0.0012,0.00039,0.00063,0.00684,0.02075,0.00073,0.00452,0.04423,0.00214,0.0027,0.00211,0.01587,0.00047,0.0048,0.00068,0.00213,0.01726,0.0016,0.01167,0.00084,0.0039,0.00049,0.01688,0.00737,0.0512,0.00411,0.006,0.00047,0.09749,0.15349,0.02575,0.70894,0.00224,0.00289,0.0022,0.00591,0,0,0,0
TCGA-CG-4469,0.00055,0.00544,0.01012,0.01462,0.03156,0.01164,0.00402,0.23678,0.00422,0.04165,0.0007,0.00228,0.00238,0.00875,0.01369,0.01394,0.00279,0.00139,0.01783,0.00875,0.00147,0.00142,0.00216,0.01322,0.00091,0.01687,0.00495,0.00466,0.00095,0.00336,0.00116,0.00065,0.15237,0.00081,0.01326,0.00188,0.00144,0.00256,0.00104,0.00156,0.01124,0.03843,0.00103,0.00618,0.05513,0.00425,0.0049,0.00247,0.0427,0.00069,0.00678,0.00137,0.00486,0.027,0.00393,0.01798,0.00194,0.00859,0.00089,0.03017,0.01318,0.00408,0.00799,0.0053,0.00055,0.4815,0.0401,0.11097,0.32476,0.01215,0.00355,0.00461,0.02235,0,0,0,0
TCGA-CG-4475,0.00049,0.00686,0.01039,0.00717,0.02445,0.00823,0.00451,0.24119,0.00396,0.03197,0.00058,0.00289,0.00163,0.00526,0.015,0.01691,0.00201,0.00073,0.02232,0.01054,0.00098,0.00129,0.0016,0.0121,0.00057,0.01117,0.00461,0.01203,0.00074,0.00205,0.00073,0.00107,0.17521,0.0006,0.01083,0.00164,0.00031,0.00288,0.00066,0.00145,0.02807,0.04104,0.00108,0.00524,0.04596,0.00382,0.00437,0.00205,0.02979,0.00069,0.00396,0.00105,0.00443,0.02237,0.00555,0.01803,0.00135,0.01002,0.00115,0.02458,0.01206,0.00253,0.00722,0.00671,0.00065,0.52167,0.06893,0.125,0.21938,0.0123,0,0.02167,0.02727,0.00378,0,0,0
TCGA-D7-6522,0.00005,0.00051,0.0011,0.14242,0.0004,0.00123,0.00034,0.00425,0.0004,0.00623,0.00004,0.00036,0.00004,0.14883,0.00859,0.00775,0.00062,0.00028,0.00019,0.00309,0,0.00021,0.00041,0.00425,0.00009,0.00908,0.00075,0.05943,0.00007,0.25295,0.0002,0.00015,0.00588,0.00016,0.00281,0.0533,0.00001,0.00039,0,0.00011,0.00015,0.01386,0.00007,0.00002,0.00123,0.00075,0.00052,0.00006,0.00396,0.00003,0.00077,0.00017,0.00071,0.00377,0.00036,0.00007,0.00057,0.00113,0.00005,0.00439,0.00256,0.08436,0.00077,0.00484,0.00024,0.01727,0.8043,0.00107,0.00482,0,0.15826,0,0.01154,0,0,0.00275,0
TCGA-D7-8574,0.00004,0.00034,0.00073,0.00162,0.00267,0.00084,0.00027,0.05432,0.00034,0.0033,0.00004,0.00032,0.00066,0.00417,0.00156,0.01225,0.00067,0.0023,0.0015,0,0.00013,0.00013,0.00022,0.00118,0.00007,0.00239,0.00035,0.01189,0.00005,0.05584,0.00009,0.0002,0.01607,0.00008,0.00123,0.00491,0.00003,0.00024,0.00002,0.00015,0,0.00609,0.00003,0,0.00384,0.00035,0.00033,0.00058,0,0.02115,0.00138,0.00013,0.00025,0.00284,0.00033,0.00121,0.00009,0.00072,0,0,0.00167,0.0072,0.00053,0.00058,0.00009,0.1657,0.3395,0.06464,0.10706,0,0.00362,0,0.29669,0,0.00562,0,0.00849
TCGA-D7-8575,0.00002,0.00013,0.0003,0.10448,0.00034,0.00022,0.00005,0.02749,0.0001,0.0008,0.00001,0.00006,0.0001,0.10194,0.00465,0.00091,0.00017,0.0001,0.00093,0.0001,0.00002,0.0001,0.00026,0.00156,0.00007,0.00423,0.00026,0.0597,0.00003,0.18514,0.00002,0.00013,0.03405,0.00002,0.00035,0.16953,0.00001,0.00008,0.00001,0.00004,0.00076,0.00868,0.00002,0.00015,0.00182,0.0002,0.00018,0.00016,0.00161,0.00149,0.00022,0.00004,0.00012,0.00087,0.00006,0.0005,0.00005,0.00021,0.00001,0.00213,0.00119,0.12791,0.0002,0.00113,0.00012,0.0117,0.10026,0.00476,0.00436,0,0.87433,0,0.00314,0,0,0.00039,0
TCGA-D7-8579,0.00002,0.00024,0.00056,0.10391,0.00182,0.00048,0.00017,0.03385,0.00024,0.00198,0.00003,0.00019,0.0001,0.11444,0.00493,0.00217,0.00028,0.00023,0.00085,0.00036,0.00015,0.00015,0.00029,0.00223,0.0001,0.00584,0.00047,0.07858,0.00007,0.15146,0.00005,0.00014,0.03054,0.00006,0.00081,0.10943,0.00001,0.0002,0.00001,0.0001,0.00068,0.00859,0.00003,0.0002,0.0033,0.00041,0.00033,0.00014,0.00299,0.00339,0.00051,0.00008,0.0002,0.00116,0.0002,0.00072,0.00008,0.00052,0.00004,0.00409,0.00226,0.09512,0.00038,0.0016,0.00011,0.03619,0.24652,0.01176,0.02868,0,0.66232,0,0.01377,0,0,0.00076,0
TCGA-D7-A4Z0,0.00022,0.00204,0.00485,0.03301,0.00979,0.00529,0.00121,0.11739,0.00209,0.01737,0.00018,0.00136,0.00102,0.04216,0.00846,0.01123,0.00144,0.00078,0.00323,0.00163,0.00094,0.00076,0.00087,0.00798,0.00039,0.01137,0.00208,0.07204,0.0002,0.15126,0.00039,0.0006,0.05694,0.00046,0.00624,0.00494,0.00017,0.00154,0.00009,0.00056,0.0041,0.02396,0.00013,0.00085,0.01308,0.00228,0.00171,0.00091,0.0162,0.00024,0.00222,0.00059,0.00115,0.00514,0.00131,0.00274,0.0005,0.00346,0.00018,0.01687,0.0095,0.11292,0.00282,0.00698,0.00071,0.15655,0.56225,0.05114,0.17351,0,0.05656,0,0,0,0,0,0
TCGA-D7-A6F2,0.00038,0.00323,0.0071,0.04012,0.04065,0.00829,0.00338,0.23961,0.0033,0.03752,0.0003,0.00411,0.00135,0.01143,0.01392,0.01279,0.00124,0.0014,0.00601,0.00224,0.0063,0.00108,0.00141,0.01268,0.00041,0.01815,0.00362,0.03116,0.00065,0.03694,0.00124,0.00133,0.07101,0.00125,0.02434,0.0036,0.00012,0.00379,0.0001,0.00113,0.01619,0.03444,0.00016,0.00058,0.01202,0.00396,0.00326,0.00146,0.02752,0.00026,0.00818,0.00116,0.00276,0.00396,0.00418,0.00205,0.00081,0.01015,0.00036,0.02343,0.01262,0.01164,0.00699,0.00794,0.0002,0.23562,0.37501,0.03728,0.34881,0,0,0,0,0,0,0,0
TCGA-D7-A748,0.00002,0.00018,0.00039,0.00144,0.00079,0.00036,0.00019,0.00447,0.00019,0.00184,0.00001,0.00024,0.00017,0.0001,0.00048,0.00031,0.00005,0.00035,0.00015,0.00288,0.00003,0.00007,0.00005,0.00052,0.00002,0.0009,0.00017,0.00046,0.00002,0.00005,0.00005,0.0001,0.0032,0.00003,0.00054,0.00012,0.00001,0.00012,0,0.00004,0.00009,0.00138,0.00001,0.00007,0.00112,0.00018,0.00018,0.09636,0.00121,0.00013,0.00034,0.00005,0.00012,0.00066,0.00021,0.00019,0.00002,0.00038,0.00002,0.00098,0.00049,0.00007,0.00034,0.00023,0.00002,0.22003,0.07822,0.13889,0.46564,0,0,0,0,0,0,0,0
TCGA-FP-8209,0.00006,0.00034,0.00068,0.02408,0.00475,0.00085,0.00017,0.09142,0.00039,0.00295,0.00005,0.00017,0.00473,0.04251,0.00259,0.00582,0.00052,0.00123,0.00183,0.00325,0.00011,0.00015,0.00021,0.00128,0.00009,0.00386,0.00026,0.04263,0.00007,0.12989,0.0001,0.00079,0.03982,0.00008,0.00154,0.0158,0.00003,0.00024,0.00004,0.00018,0.00062,0.00683,0.00005,0.00042,0.00523,0.00052,0.00039,0.00053,0.00314,0.01056,0.00129,0.00014,0.00024,0.01179,0.00034,0.00174,0.00013,0.00064,0.00006,0.00371,0.00196,0.06671,0.00092,0.00132,0.00023,0.13654,0.52922,0.05833,0.08192,0,0.07664,0,0.11735,0,0,0,0
TCGA-FP-8210,0.00005,0.00029,0.00064,0.00192,0.00169,0.00069,0.00016,0.03231,0.00028,0.00307,0.00004,0.00017,0.00041,0.00481,0.00128,0.00355,0.00029,0.00122,0.00085,0.00055,0.00007,0.00012,0.00013,0.00093,0.00005,0.00248,0.00027,0.0089,0.00004,0.0385,0.00011,0.00023,0.01067,0.0001,0.00113,0.00247,0.00002,0.00019,0.00003,0.00012,0.00043,0.00481,0.00004,0.00024,0.00254,0.00041,0.00027,0.00054,0.00235,0.02187,0.00114,0.00011,0.00019,0.00196,0.00019,0.00075,0.00008,0.00058,0.00004,0.00281,0.00158,0.00956,0.00049,0.00055,0.00009,0.11392,0.45332,0.05167,0.12004,0,0.01342,0,0.22481,0,0.0052,0,0.00629
TCGA-HU-8610,0.00028,0.00209,0.00452,0.04134,0.00818,0.00346,0.00394,0.12383,0.09231,0.01297,0.00023,0.00386,0.00294,0.0408,0.00712,0.01398,0.00072,0.00035,0.00328,0.00286,0.00087,0.00061,0.00069,0.00609,0.00024,0.01118,0.00271,0.04949,0.00031,0.12333,0.00034,0.0006,0.04595,0.00036,0.00619,0.01102,0.00008,0.00227,0.00019,0.00075,0.00257,0.01877,0.00031,0.00082,0.01144,0.00144,0.00248,0.00037,0.01248,0.00035,0.00258,0.0007,0.0018,0.00483,0.00423,0.00258,0.00061,0.0063,0.00034,0.012,0.00586,0.03529,0.00347,0.00401,0.00028,0.05531,0.19888,0.03672,0.65482,0.00301,0.04235,0,0,0,0,0,0
TCGA-IN-7806,0.00028,0.00255,0.00474,0.1082,0.00516,0.00417,0.00345,0.09374,0.00215,0.02023,0.00022,0.00377,0.00318,0.03715,0.00938,0.01904,0.00119,0.00019,0.00256,0.00325,0.00018,0.00085,0.00108,0.00896,0.0003,0.01386,0.00333,0.07717,0.00037,0.23403,0.00068,0.00042,0.05776,0.00046,0.00907,0.01285,0.00005,0.00222,0.00008,0.0007,0.00244,0.02907,0.00022,0.00042,0.01203,0.00243,0.00276,0.00032,0.01658,0.00015,0.00354,0.00079,0.00209,0.01033,0.00455,0.00199,0.00055,0.0077,0.00032,0.0168,0.00732,0.0481,0.00468,0.00796,0.0003,0.15752,0.66442,0.03413,0.09044,0,0.05348,0,0,0,0,0,0
TCGA-IN-A6RJ,0.00003,0.00024,0.00063,0.00136,0.00168,0.00056,0.00017,0.0088,0.00023,0.00259,0.00002,0.00026,0.00177,0.00088,0.00064,0.00049,0.00007,0.00073,0.0002,0.0078,0.00002,0.00008,0.00011,0.00094,0.00003,0.00142,0.00022,0.0008,0.00004,0.00287,0.00006,0.00011,0.01075,0.00005,0.00088,0.00011,0.00003,0.00013,0,0.00005,0.0002,0.00248,0.00001,0.0001,0.00157,0.0003,0.00023,0.09321,0.00232,0.00019,0.0004,0.00009,0.00019,0.00255,0.00019,0.00025,0.00005,0.00045,0.00002,0.00188,0.00103,0.00031,0.0004,0.00032,0.00005,0.23103,0.05925,0.1478,0.47204,0,0.0526,0,0,0,0,0,0
TCGA-IN-AB1V,0.00004,0.0004,0.00091,0.00539,0.00242,0.00106,0.00034,0.01507,0.00042,0.00376,0.00004,0.00054,0.00037,0.00236,0.00152,0.00102,0.00014,0.00057,0.00113,0.01201,0.00013,0.00013,0.00017,0.00128,0.00006,0.0016,0.00033,0.00729,0.00008,0.01227,0.00012,0.00014,0.04232,0.00008,0.00124,0.0002,0.00002,0.00026,0.00003,0.0001,0.00154,0.00434,0.00002,0.00026,0.00483,0.00036,0.00042,0.10947,0.00282,0.0001,0.00065,0.00014,0.00024,0.00185,0.00042,0.00062,0.00009,0.00076,0.00005,0.00282,0.00153,0.00022,0.0006,0.00068,0.00007,0.61904,0.12081,0.07269,0.18746,0,0,0,0,0,0,0,0
TCGA-MX-A5UG,0.00036,0.00264,0.00524,0.03062,0.00378,0.00637,0.00354,0.21124,0.00229,0.02588,0.00023,0.00433,0.00079,0.00688,0.00702,0.01448,0.00087,0.00096,0.0022,0.00356,0.00022,0.00075,0.00079,0.00904,0.00025,0.01254,0.00332,0.02024,0.0003,0.04462,0.00081,0.00113,0.03668,0.00069,0.01977,0.00152,0.00007,0.00518,0.00013,0.00117,0.00317,0.02562,0.00021,0.0006,0.00877,0.00272,0.00294,0.00161,0.01632,0.00037,0.00596,0.00097,0.00229,0.00236,0.00882,0.0014,0.00074,0.01025,0.00047,0.01529,0.0085,0.01808,0.00508,0.00489,0.00031,0.35849,0.25047,0.07174,0.28924,0.00581,0.02426,0,0,0,0,0,0
TCGA-RD-A7BW,0.00006,0.00055,0.00126,0.00199,0.00443,0.00187,0.00088,0.02118,0.00063,0.00552,0.00006,0.00141,0.00079,0.00035,0.00122,0.00102,0.00017,0.00738,0.00105,0.00824,0.00014,0.00022,0.00014,0.00249,0.00008,0.00291,0.00051,0.00074,0.0001,0.00044,0.00021,0.00037,0.01997,0.00008,0.00212,0.00311,0.00004,0.00066,0,0.00018,0.00084,0.00434,0.00003,0.00021,0.00991,0.00055,0.00062,0.0553,0.0037,0.00419,0.00093,0.00021,0.00048,0.01964,0.00098,0.0007,0.0001,0.00169,0.00009,0.00281,0.00122,0.00028,0.00102,0.00082,0.00004,0.37809,0,0.17289,0.44902,0,0,0,0,0,0,0,0
TCGA-RD-A8N2,0.00002,0.00026,0.00025,0.00075,0.00435,0.00057,0.0001,0.00588,0.00022,0.00089,0.00003,0.00017,0.00027,0.00075,0.00069,0.00035,0.00006,0.00126,0.0007,0.00916,0.00017,0.00006,0.00006,0.00026,0.00003,0.00138,0.0001,0.00117,0.00003,0.00077,0.00003,0.00063,0.02492,0.00003,0.00031,0.00015,0,0.00006,0,0.00006,0.00041,0.0009,0,0.00018,0.00465,0.00011,0.00016,0.09794,0.0009,0.00039,0.00035,0.00005,0.00008,0.00264,0.00012,0.00063,0.00003,0.00023,0.00004,0.00073,0.00046,0.00092,0.00066,0.00033,0.00003,0.40893,0.06132,0.09648,0.43327,0,0,0,0,0,0,0,0
TCGA-RD-A8N5,0.00002,0.00012,0.00031,0.00064,0.00177,0.00036,0.00009,0.00452,0.00018,0.00102,0.00001,0.00014,0.00012,0.0007,0.00066,0.00015,0.00004,0.00106,0.00044,0.00894,0.00008,0.00005,0.00005,0.00029,0.00003,0.0007,0.00011,0.00066,0.00005,0.00094,0.00003,0.00012,0.01512,0.00003,0.00029,0.00011,0,0.00005,0.00001,0.00006,0.00035,0.00101,0.00001,0.00016,0.0017,0.00012,0.00011,0.10068,0.00087,0.00014,0.00014,0.00004,0.00007,0.00099,0.00012,0.00047,0.00004,0.00021,0.00002,0.0009,0.00051,0.00059,0.00019,0.00017,0.00004,0.27171,0.06838,0.10896,0.53294,0,0,0,0,0,0,0,0
TCGA-VQ-A8PD,0.00005,0.00034,0.00074,0.00408,0.00233,0.00111,0.00022,0.05257,0.00046,0.00272,0.00004,0.00029,0.00032,0.0051,0.00161,0.00919,0.00069,0.00052,0.00132,0.01567,0.0005,0.00013,0.00017,0.00092,0.00008,0.00198,0.00035,0.01727,0.00006,0.0475,0.00007,0.00018,0.04952,0.00006,0.00112,0.00382,0.00003,0.00021,0,0.00015,0.00122,0.00644,0.00004,0.00035,0.00601,0.00047,0.00029,0.0908,0.00226,0.0001,0.00063,0.00015,0.00022,0.00185,0.00025,0.00098,0.00009,0.0006,0.00005,0.00401,0.00223,0.04006,0.00051,0.00127,0.00014,0.21058,0.4649,0.05324,0.08613,0,0.18017,0,0,0,0,0,0
TCGA-VQ-A8PQ,0.00004,0.00026,0.00061,0.00699,0.0016,0.00116,0.00019,0.03892,0.00033,0.00238,0.00005,0.00035,0.00029,0.00524,0.00153,0.0024,0.00026,0.00023,0.0026,0.00634,0.00012,0.00012,0.00016,0.00086,0.00004,0.00169,0.00027,0.01166,0.00006,0.03018,0.00008,0.00014,0.05469,0.00006,0.00084,0.00125,0.00002,0.00017,0.00003,0.0001,0.0018,0.00343,0.00006,0.00057,0.00779,0.00026,0.00032,0.096,0.00204,0.00024,0.00039,0.00011,0.00022,0.00268,0.0002,0.00149,0.00009,0.0005,0.00005,0.00226,0.00116,0.01076,0.00039,0.00054,0.00014,0.44568,0.27776,0.10066,0.12203,0,0.05387,0,0,0,0,0,0
TCGA-VQ-A94P,0.00005,0.00044,0.00072,0.00077,0.00182,0.00067,0.00029,0.00986,0.00032,0.00287,0.00004,0.00032,0.00031,0.00039,0.00103,0.00054,0.00014,0.00034,0.00068,0.00676,0.00018,0.00012,0.00008,0.00079,0.00004,0.00135,0.0003,0.00035,0.00004,0.00021,0.0002,0.0005,0.02665,0.00009,0.00098,0.00009,0.00002,0.00015,0.0001,0.00018,0.00049,0.00225,0.00003,0.0002,0.00524,0.00049,0.00033,0.12415,0.00194,0.0001,0.00057,0.00014,0.00019,0.00124,0.00028,0.00054,0.00007,0.00067,0.00009,0.00199,0.00092,0.00051,0.00089,0.00061,0.00004,0.49979,0.01076,0.10509,0.38436,0,0,0,0,0,0,0,0
TCGA-VQ-AA69,0.00013,0.00037,0.00078,0.01312,0.00074,0.0012,0.00027,0.05187,0.00064,0.00264,0.00006,0.00035,0.00054,0.03124,0.00232,0.00501,0.00029,0.00011,0.00129,0.01091,0.00007,0.00016,0.00022,0.00209,0.00007,0.00407,0.00042,0.05271,0.00006,0.11862,0.00022,0.00058,0.04666,0.00016,0.0014,0.00358,0,0.00039,0.00027,0.00037,0.00135,0.00739,0.00008,0.00033,0.00679,0.00036,0.00032,0.06507,0.00263,0.0001,0.00078,0.00029,0.00073,0.00278,0.00027,0.00097,0.00012,0.00087,0.00014,0.00334,0.00192,0.05385,0.00079,0.00371,0.00016,0.09656,0.66157,0.02127,0.01989,0,0.19691,0,0,0,0,0,0
TCGA-ZA-A8F6,0.00006,0.00042,0.00084,0.00163,0.00409,0.00085,0.00035,0.01144,0.00042,0.00266,0.00005,0.00043,0.00012,0.00097,0.00112,0.00078,0.00017,0.00073,0.00134,0.00543,0,0.00013,0.00015,0.00087,0.00009,0.00258,0.00031,0.00157,0.00007,0.00281,0.00008,0.00058,0.03782,0.00006,0.00083,0.0002,0,0.00016,0.00003,0.00016,0.00088,0.00297,0.00005,0.00038,0.00854,0.0003,0.00037,0.10619,0.00251,0.0002,0.00086,0.00013,0.00026,0.00668,0.00036,0.00111,0.0001,0.00067,0.00006,0.00243,0.00136,0.00049,0.00094,0.00049,0.0001,0.34264,0.05928,0.10367,0.48086,0,0.01356,0,0,0,0,0,0
